dataset,family,seed,n_qubits,n_layers,readout_order,shots,alignment_ids,alignment_tangents,alignment_eval_tangents,physical_rank,centered_score_dimension,rank_baseline,reference_support_size,empirical_nonzero_support_size,support_policy,support_pseudocount,calibration_finite_shot,calibration_executions,calibration_shots,physical_heldout_retention,physical_heldout_rho,aligned_crossfit_heldout_retention,aligned_crossfit_heldout_rho,random_rank_heldout_retention,random_rank_heldout_rho,paper_tag
wine01,ryrz_cz,8,6,3,1,,"[18, 28, 31, 44]",64,64,6,63,0.09523809523809523,64,64,full_basis,0.5,False,0,0,0.3335590198612847,3.50236970854349,0.3567943875136821,3.746341068893662,0.08211213575321082,0.8621774254087136,paper-run-primary-a-wine01-ryrz_cz-s8
wine01,ryrz_cz,19,6,3,1,,"[13, 24, 29, 40]",64,64,6,63,0.09523809523809523,64,64,full_basis,0.5,False,0,0,0.3758137711542343,3.9460445971194607,0.4206446173134267,4.416768481790981,0.08599621540544948,0.9029602617572196,paper-run-primary-b-wine01-ryrz_cz-s19
wine01,su2_haar,3,6,3,1,,"[15, 33, 34, 40]",64,64,6,63,0.09523809523809523,64,64,full_basis,0.5,False,0,0,0.18369228389639505,1.9287689809121482,0.2973381962528208,3.1220510606546186,0.08807860314357885,0.924825333007578,paper-run-primary-a-wine01-su2_haar-s3
iris01,su2_cnot,0,6,3,1,,"[1, 3, 11, 20]",64,64,6,63,0.09523809523809523,64,64,full_basis,0.5,False,0,0,0.1777449054886465,1.8663215076307882,0.37369724706709756,3.9238210942045244,0.0898919261138563,0.9438652241954911,paper-run-primary-a-iris01-su2_cnot-s0
iris01,u1_rzxy,3,6,3,1,1000,"[15, 33, 34, 40]",64,64,5,19,0.2631578947368421,20,7,half_filled_sector,0.5,True,392,392000,0.8664331972755018,3.2924461496469073,0.9508542034434517,3.613245973085117,0.29409268582497194,1.1175522061348935,paper-run-finite-iris01-u1_rzxy-q1000-s3
wine01,su2_cnot,5,6,3,1,,"[2, 33, 36, 38]",64,64,6,63,0.09523809523809523,64,64,full_basis,0.5,False,0,0,0.18217684551173374,1.9128568778732045,0.33128178029848343,3.478458693134076,0.09893375751012556,1.0388044538563186,paper-run-primary-a-wine01-su2_cnot-s5
iris01,u1_rzxy,1,6,3,1,1000,"[18, 23, 29, 30]",64,64,5,19,0.2631578947368421,20,7,half_filled_sector,0.5,True,392,392000,0.8952140488532847,3.401813385642482,0.9766634601339859,3.7113211485091466,0.0794481540370407,0.30190298534075466,paper-run-finite-iris01-u1_rzxy-q1000-s1
iris01,su2_cnot,15,6,3,1,,"[7, 28, 33, 37]",64,64,6,63,0.09523809523809523,64,64,full_basis,0.5,False,0,0,0.2144002904724208,2.2512030499604183,0.4245946042123939,4.458243344230136,0.09670702122244854,1.0154237228357097,paper-run-primary-b-iris01-su2_cnot-s15
breast_cancer,ryrz_cz,17,6,3,1,,"[6, 10, 29, 33]",64,64,6,63,0.09523809523809523,64,64,full_basis,0.5,False,0,0,0.3230365308535528,3.3918835739623043,0.41252892355469606,4.331553697324309,0.11267968063089963,1.1831366466244462,paper-run-primary-b-breast_cancer-ryrz_cz-s17
iris01,su2_haar,0,6,3,1,,"[1, 3, 11, 20]",64,64,6,63,0.09523809523809523,64,64,full_basis,0.5,False,0,0,0.20431999850671245,2.1453599843204807,0.35404393850405813,3.7174613542926105,0.09123901700358768,0.9580096785376707,paper-run-scaling-su2_haar-n6-s0
breast_cancer,su2_haar,18,6,3,1,,"[0, 9, 25, 30]",64,64,6,63,0.09523809523809523,64,64,full_basis,0.5,False,0,0,0.19184021396072776,2.0143222465876414,0.30851177864269785,3.2393736757483276,0.10715972508766719,1.1251771134205055,paper-run-primary-b-breast_cancer-su2_haar-s18
iris01,u1_rzxy,19,6,3,1,,"[13, 24, 29, 40]",64,64,5,19,0.2631578947368421,20,20,half_filled_sector,0.5,False,0,0,0.9772346427420537,3.7134916424198043,0.9945902724616515,3.779443035354276,0.4571310816658202,1.7370981103301169,paper-run-primary-b-iris01-u1_rzxy-s19
digits01,su2_haar,19,6,3,1,,"[13, 24, 29, 40]",64,64,6,63,0.09523809523809523,64,64,full_basis,0.5,False,0,0,0.23126474241339243,2.4282797953406208,0.3291382624775284,3.4559517560140485,0.09565638231556366,1.0043920143134184,paper-run-primary-b-digits01-su2_haar-s19
breast_cancer,su2_haar,2,6,3,1,,"[16, 24, 26, 33]",64,64,6,63,0.09523809523809523,64,64,full_basis,0.5,False,0,0,0.2502090173361157,2.627194682029215,0.3237284708282442,3.3991489436965643,0.10143724792344196,1.0650911031961405,paper-run-primary-a-breast_cancer-su2_haar-s2
digits01,u1_rzxy,19,6,3,1,,"[13, 24, 29, 40]",64,64,5,19,0.2631578947368421,20,20,half_filled_sector,0.5,False,0,0,0.9790405329429519,3.7203540251832172,0.9910768712053433,3.7660921105803045,0.4648843141801233,1.7665603938844687,paper-run-primary-b-digits01-u1_rzxy-s19
iris01,u1_rzxy,3,6,3,2,,"[15, 33, 34, 40]",64,64,14,19,0.7368421052631579,20,20,half_filled_sector,0.5,False,0,0,0.9999999849964638,1.3571428367809153,0.9999999968218791,1.3571428528296932,0.8036330897924602,1.0906449075754818,paper-run-order-iris01-u1_rzxy-r2-s3
iris01,ryrz_cz,12,6,3,1,,"[1, 11, 14, 25]",64,64,6,63,0.09523809523809523,64,64,full_basis,0.5,False,0,0,0.4676926894160705,4.910773238868741,0.4689936396196507,4.924433216006332,0.11038111630839446,1.159001721238142,paper-run-primary-b-iris01-ryrz_cz-s12
breast_cancer,su2_haar,6,6,3,1,,"[10, 21, 25, 32]",64,64,6,63,0.09523809523809523,64,64,full_basis,0.5,False,0,0,0.17815106475424825,1.8705861799196066,0.3045494580800632,3.1977693098406634,0.08610117037168596,0.9040622889027027,paper-run-primary-a-breast_cancer-su2_haar-s6
breast_cancer,u1_rzxy,0,6,3,1,,"[1, 3, 11, 20]",64,64,5,19,0.2631578947368421,20,20,half_filled_sector,0.5,False,0,0,0.9763971917577579,3.71030932867948,0.9787451364489781,3.719231518506117,0.3606132188893182,1.3703302317794093,paper-run-primary-a-breast_cancer-u1_rzxy-s0
digits01,u1_rzxy,2,6,3,1,10000,"[16, 24, 26, 33]",64,64,5,19,0.2631578947368421,20,9,half_filled_sector,0.5,True,392,3920000,0.8790168925844977,3.3402641918210914,0.9456082030526828,3.593311171600195,0.28063262711003795,1.0664039830181442,paper-run-finite-digits01-u1_rzxy-q10000-s2
iris01,ryrz_cz,8,6,3,1,,"[18, 28, 31, 44]",64,64,6,63,0.09523809523809523,64,64,full_basis,0.5,False,0,0,0.42888721421182563,4.5033157492241696,0.453245148159266,4.759074055672293,0.0910097575730412,0.9556024545169326,paper-run-primary-a-iris01-ryrz_cz-s8
breast_cancer,ryrz_cz,7,6,3,1,,"[12, 19, 20, 26]",64,64,6,63,0.09523809523809523,64,64,full_basis,0.5,False,0,0,0.2322930632580379,2.439077164209398,0.3157763528017492,3.3156517044183667,0.08662552327804891,0.9095679944195136,paper-run-primary-a-breast_cancer-ryrz_cz-s7
wine01,u1_rzxy,17,6,3,1,,"[6, 10, 29, 33]",64,64,5,19,0.2631578947368421,20,20,half_filled_sector,0.5,False,0,0,0.9532931543156951,3.6225139863996416,0.9621614348165705,3.656213452302968,0.35157208070500534,1.3359739066790204,paper-run-primary-b-wine01-u1_rzxy-s17
iris01,su2_haar,14,6,3,1,,"[6, 18, 35, 36]",64,64,6,63,0.09523809523809523,64,64,full_basis,0.5,False,0,0,0.1794957481937674,1.884705356034558,0.3550590744279165,3.7281202814931236,0.10418174483130208,1.093908320728672,paper-run-primary-b-iris01-su2_haar-s14
iris01,u1_rzxy,3,6,3,1,,"[15, 33, 34, 40]",64,64,5,19,0.2631578947368421,20,20,half_filled_sector,0.5,False,0,0,0.9773142804755456,3.7137942658070733,0.9927173508939989,3.7723259333971964,0.27602010976315716,1.0488764170999973,paper-run-primary-a-iris01-u1_rzxy-s3
iris01,su2_cnot,3,6,3,1,,"[15, 33, 34, 40]",64,64,6,63,0.09523809523809523,64,64,full_basis,0.5,False,0,0,0.19701870074824368,2.0686963578565587,0.4038545857232171,4.24047315009378,0.08873344896546613,0.9317012141373944,paper-run-primary-a-iris01-su2_cnot-s3
iris01,u1_rzxy,1,6,3,1,,"[18, 23, 29, 30]",64,64,5,19,0.2631578947368421,20,20,half_filled_sector,0.5,False,0,0,0.9815060194709446,3.72972287398959,0.9946426390232321,3.7796420282882823,0.08669300755062348,0.32943342869236925,paper-run-order-iris01-u1_rzxy-r1-s1
wine01,su2_cnot,19,6,3,1,,"[13, 24, 29, 40]",64,64,6,63,0.09523809523809523,64,64,full_basis,0.5,False,0,0,0.24896303913299578,2.614111910896456,0.3971338532341964,4.169905458959063,0.09046297142179707,0.9498611999288693,paper-run-primary-b-wine01-su2_cnot-s19
iris01,ryrz_cz,2,6,3,1,,"[16, 24, 26, 33]",64,64,6,63,0.09523809523809523,64,64,full_basis,0.5,False,0,0,0.40652186585046024,4.268479591429832,0.44042750273106723,4.624488778676207,0.07411048693068295,0.778160112772171,paper-run-primary-a-iris01-ryrz_cz-s2
digits01,u1_rzxy,3,6,3,1,10000,"[15, 33, 34, 40]",64,64,5,19,0.2631578947368421,20,8,half_filled_sector,0.5,True,392,3920000,0.919773804450182,3.4951404569106916,0.9627604678830589,3.6584897779556242,0.3044872365554475,1.1570514989107006,paper-run-finite-digits01-u1_rzxy-q10000-s3
digits01,ryrz_cz,17,6,3,1,,"[6, 10, 29, 33]",64,64,6,63,0.09523809523809523,64,64,full_basis,0.5,False,0,0,0.2341763929733367,2.4588521262200356,0.3589435149792771,3.76890690728241,0.09205962356583994,0.9666260474413194,paper-run-primary-b-digits01-ryrz_cz-s17
iris01,ryrz_cz,0,6,3,1,,"[1, 3, 11, 20]",64,64,6,63,0.09523809523809523,64,64,full_basis,0.5,False,0,0,0.4235764267533418,4.447552480910089,0.5456879988694647,5.72972398812938,0.08241581349831872,0.8653660417323467,paper-run-primary-a-iris01-ryrz_cz-s0
digits01,su2_cnot,16,6,3,1,,"[14, 24, 34, 40]",64,64,6,63,0.09523809523809523,64,64,full_basis,0.5,False,0,0,0.1361982106922766,1.4300812122689044,0.27167554778263714,2.85259325171769,0.08675574171911998,0.9109352880507599,paper-run-primary-b-digits01-su2_cnot-s16
iris01,ryrz_cz,11,6,3,1,,"[5, 9, 14, 30]",64,64,6,63,0.09523809523809523,64,64,full_basis,0.5,False,0,0,0.47022724761291546,4.937386099935613,0.5077003794817938,5.330853984558836,0.08815984268894352,0.9256783482339069,paper-run-primary-b-iris01-ryrz_cz-s11
wine01,su2_haar,16,6,3,1,,"[14, 24, 34, 40]",64,64,6,63,0.09523809523809523,64,64,full_basis,0.5,False,0,0,0.2342515719446911,2.4596415054192566,0.37767091747771436,3.965544633516001,0.07428861675300308,0.7800304759065324,paper-run-primary-b-wine01-su2_haar-s16
wine01,u1_rzxy,18,6,3,1,,"[0, 9, 25, 30]",64,64,5,19,0.2631578947368421,20,20,half_filled_sector,0.5,False,0,0,0.9540430196377692,3.625363474623523,0.9600829958611108,3.6483153842722214,0.2299278291115654,0.8737257506239485,paper-run-primary-b-wine01-u1_rzxy-s18
iris01,su2_haar,19,6,3,1,,"[13, 24, 29, 40]",64,64,6,63,0.09523809523809523,64,64,full_basis,0.5,False,0,0,0.2517795481265298,2.6436852553285632,0.3541250439998178,3.718312961998087,0.09678412247807933,1.016233286019833,paper-run-primary-b-iris01-su2_haar-s19
digits01,su2_cnot,1,6,3,1,,"[18, 23, 29, 30]",64,64,6,63,0.09523809523809523,64,64,full_basis,0.5,False,0,0,0.17602596410749238,1.8482726231286701,0.27569071399846046,2.894752496983835,0.09092373045876774,0.9546991698170614,paper-run-primary-a-digits01-su2_cnot-s1
digits01,ryrz_cz,9,6,3,1,,"[14, 34, 38, 42]",64,64,6,63,0.09523809523809523,64,64,full_basis,0.5,False,0,0,0.2987389430849339,3.1367589023918057,0.4000977041091873,4.2010258931464675,0.08459754647072251,0.8882742379425864,paper-run-primary-a-digits01-ryrz_cz-s9
breast_cancer,ryrz_cz,5,6,3,1,,"[2, 33, 36, 38]",64,64,6,63,0.09523809523809523,64,64,full_basis,0.5,False,0,0,0.2930747118889475,3.077284474833949,0.36720804497199316,3.8556844722059282,0.08380383692816835,0.8799402877457678,paper-run-primary-a-breast_cancer-ryrz_cz-s5
digits01,su2_haar,12,6,3,1,,"[1, 11, 14, 25]",64,64,6,63,0.09523809523809523,64,64,full_basis,0.5,False,0,0,0.20265655518379022,2.1278938294297975,0.2943850031726686,3.0910425333130203,0.10456857376319918,1.0979700245135915,paper-run-primary-b-digits01-su2_haar-s12
wine01,su2_cnot,1,6,3,1,,"[18, 23, 29, 30]",64,64,6,63,0.09523809523809523,64,64,full_basis,0.5,False,0,0,0.21760619310337886,2.2848650275854783,0.3347580070021587,3.5149590735226663,0.1199330835050544,1.2592973768030713,paper-run-primary-a-wine01-su2_cnot-s1
digits01,su2_haar,0,6,3,1,1000,"[1, 3, 11, 20]",64,64,6,63,0.09523809523809523,64,64,full_basis,0.5,True,440,440000,0.18073761950617007,1.8977450048147857,0.26384329392135397,2.770354586174217,0.08590100394907099,0.9019605414652455,paper-run-finite-digits01-su2_haar-q1000-s0
breast_cancer,su2_cnot,6,6,3,1,,"[10, 21, 25, 32]",64,64,6,63,0.09523809523809523,64,64,full_basis,0.5,False,0,0,0.16368866879711255,1.718731022369682,0.3006677503523588,3.157011378699768,0.08820939566332299,0.9261986544648915,paper-run-primary-a-breast_cancer-su2_cnot-s6
digits01,su2_cnot,0,6,3,1,,"[1, 3, 11, 20]",64,64,6,63,0.09523809523809523,64,64,full_basis,0.5,False,0,0,0.18860580123392717,1.9803609129562354,0.27641088758247667,2.9023143196160053,0.09040511741178142,0.949253732823705,paper-run-primary-a-digits01-su2_cnot-s0
iris01,su2_haar,1,6,3,1,1000,"[18, 23, 29, 30]",64,64,6,63,0.09523809523809523,64,63,full_basis,0.5,True,440,440000,0.2564360567800882,2.692578596190926,0.3320720017449399,3.486756018321869,0.09330724561734485,0.979726078982121,paper-run-finite-iris01-su2_haar-q1000-s1
iris01,su2_haar,15,6,3,1,,"[7, 28, 33, 37]",64,64,6,63,0.09523809523809523,64,64,full_basis,0.5,False,0,0,0.2507682457940135,2.6330665808371423,0.34457545681411894,3.618042296548249,0.09469948319652094,0.99434457356347,paper-run-primary-b-iris01-su2_haar-s15
wine01,ryrz_cz,12,6,3,1,,"[1, 11, 14, 25]",64,64,6,63,0.09523809523809523,64,64,full_basis,0.5,False,0,0,0.257713992356412,2.705996919742326,0.3200281189282138,3.360295248746245,0.1014757804984805,1.0654956952340453,paper-run-primary-b-wine01-ryrz_cz-s12
digits01,ryrz_cz,3,6,3,1,,"[15, 33, 34, 40]",64,64,6,63,0.09523809523809523,64,64,full_basis,0.5,False,0,0,0.2025283200747042,2.1265473607843943,0.37072323695074494,3.892593987982822,0.08794864421051116,0.9234607642103672,paper-run-primary-a-digits01-ryrz_cz-s3
iris01,su2_haar,1,6,3,2,,"[18, 23, 29, 30]",64,64,21,63,0.3333333333333333,64,64,full_basis,0.5,False,0,0,0.5611431353083439,1.6834294059250319,0.8059972270148845,2.417991681044654,0.3380175926766516,1.0140527780299549,paper-run-order-iris01-su2_haar-r2-s1
digits01,su2_haar,4,6,3,1,10000,"[3, 9, 10, 15]",64,64,6,63,0.09523809523809523,64,64,full_basis,0.5,True,440,4400000,0.2666855513618803,2.8001982892997437,0.31880943754199,3.347499094190895,0.11036432386391132,1.158825400571069,paper-run-finite-digits01-su2_haar-q10000-s4
wine01,su2_haar,9,6,3,1,,"[14, 34, 38, 42]",64,64,6,63,0.09523809523809523,64,64,full_basis,0.5,False,0,0,0.28374828710188055,2.979357014569746,0.328350031173122,3.447675327317781,0.09384493192633168,0.9853717852264827,paper-run-primary-a-wine01-su2_haar-s9
iris01,u1_rzxy,0,6,5,1,,"[1, 3, 11, 20]",64,64,5,19,0.2631578947368421,20,20,half_filled_sector,0.5,False,0,0,0.9881912244172262,3.7551266527854597,0.9947540810367774,3.7800655079397543,0.3811874712191734,1.448512390632859,paper-run-depth-u1_rzxy-L5-s0
digits01,u1_rzxy,3,6,3,1,,"[15, 33, 34, 40]",64,64,5,19,0.2631578947368421,20,20,half_filled_sector,0.5,False,0,0,0.9606163236715555,3.650342029951911,0.969868099764859,3.685498779106464,0.2963578435333608,1.1261598054267712,paper-run-primary-a-digits01-u1_rzxy-s3
digits01,su2_haar,1,6,3,1,,"[18, 23, 29, 30]",64,64,6,63,0.09523809523809523,64,64,full_basis,0.5,False,0,0,0.24152336731350352,2.535995356791787,0.34740452974964775,3.6477475623713014,0.09229620377037678,0.9691101395889563,paper-run-order-digits01-su2_haar-r1-s1
digits01,su2_cnot,12,6,3,1,,"[1, 11, 14, 25]",64,64,6,63,0.09523809523809523,64,64,full_basis,0.5,False,0,0,0.1830059826375881,1.9215628176946753,0.28745186221379393,3.0182445532448363,0.11188905563601412,1.1748350841781483,paper-run-primary-b-digits01-su2_cnot-s12
wine01,ryrz_cz,10,6,3,1,,"[4, 14, 19, 38]",64,64,6,63,0.09523809523809523,64,64,full_basis,0.5,False,0,0,0.2892901558138439,3.0375466360453607,0.3661063497510689,3.844116672386224,0.09413483625125182,0.9884157806381442,paper-run-primary-b-wine01-ryrz_cz-s10
iris01,su2_haar,2,6,3,1,,"[16, 24, 26, 33]",64,64,6,63,0.09523809523809523,64,64,full_basis,0.5,False,0,0,0.26177998885052434,2.7486898829305058,0.35839293458812416,3.763125813175304,0.11268973407738689,1.1832422078125624,paper-run-order-iris01-su2_haar-r1-s2
digits01,su2_cnot,11,6,3,1,,"[5, 9, 14, 30]",64,64,6,63,0.09523809523809523,64,64,full_basis,0.5,False,0,0,0.24417080192115312,2.5637934201721078,0.32883343417172595,3.4527510588031225,0.08694555122619774,0.9129282878750763,paper-run-primary-b-digits01-su2_cnot-s11
breast_cancer,su2_haar,19,6,3,1,,"[13, 24, 29, 40]",64,64,6,63,0.09523809523809523,64,64,full_basis,0.5,False,0,0,0.2566377594600702,2.6946964743307373,0.3536211468527136,3.713022041953493,0.10207479549534544,1.0717853527011272,paper-run-primary-b-breast_cancer-su2_haar-s19
breast_cancer,u1_rzxy,18,6,3,1,,"[0, 9, 25, 30]",64,64,5,19,0.2631578947368421,20,20,half_filled_sector,0.5,False,0,0,0.9536099855141364,3.623717944953719,0.9494243366160848,3.6078124791411224,0.22389536378380037,0.8508023823784414,paper-run-primary-b-breast_cancer-u1_rzxy-s18
wine01,u1_rzxy,6,6,3,1,,"[10, 21, 25, 32]",64,64,5,19,0.2631578947368421,20,20,half_filled_sector,0.5,False,0,0,0.9824736890941786,3.7334000185578793,0.9920113468359726,3.769643117976696,0.28411391504121997,1.079632877156636,paper-run-primary-a-wine01-u1_rzxy-s6
digits01,u1_rzxy,0,6,3,1,10000,"[1, 3, 11, 20]",64,64,5,19,0.2631578947368421,20,10,half_filled_sector,0.5,True,392,3920000,0.8882825371541172,3.3754736411856454,0.9586122797068641,3.642726662886084,0.3598407073450471,1.367394687911179,paper-run-finite-digits01-u1_rzxy-q10000-s0
iris01,u1_rzxy,14,6,3,1,,"[6, 18, 35, 36]",64,64,5,19,0.2631578947368421,20,20,half_filled_sector,0.5,False,0,0,0.983923189211078,3.7389081190020965,0.9963700296550121,3.786206112689046,0.42052031731753947,1.5979772058066501,paper-run-primary-b-iris01-u1_rzxy-s14
wine01,u1_rzxy,4,6,3,1,,"[3, 9, 10, 15]",64,64,5,19,0.2631578947368421,20,20,half_filled_sector,0.5,False,0,0,0.9628620097620783,3.6588756370958975,0.9718362248700729,3.692977654506277,0.3185598343949729,1.210527370700897,paper-run-primary-a-wine01-u1_rzxy-s4
iris01,u1_rzxy,18,6,3,1,,"[0, 9, 25, 30]",64,64,5,19,0.2631578947368421,20,20,half_filled_sector,0.5,False,0,0,0.9796253957367245,3.7225765037995533,0.9846098926207028,3.7415175919586705,0.21666812082421633,0.8233388591320221,paper-run-primary-b-iris01-u1_rzxy-s18
breast_cancer,u1_rzxy,19,6,3,1,,"[13, 24, 29, 40]",64,64,5,19,0.2631578947368421,20,20,half_filled_sector,0.5,False,0,0,0.9729195362568543,3.6970942377760467,0.9819180501847569,3.7312885907020763,0.44795585110826786,1.702232234211418,paper-run-primary-b-breast_cancer-u1_rzxy-s19
breast_cancer,su2_haar,1,6,3,1,,"[18, 23, 29, 30]",64,64,6,63,0.09523809523809523,64,64,full_basis,0.5,False,0,0,0.24656128300424957,2.588893471544621,0.34807796822701,3.654818666383605,0.09518039165596531,0.9993941123876359,paper-run-primary-a-breast_cancer-su2_haar-s1
iris01,u1_rzxy,0,6,3,1,,"[1, 3, 11, 20]",64,64,5,19,0.2631578947368421,20,20,half_filled_sector,0.5,False,0,0,0.9893838620262705,3.759658675699828,0.9936129326320442,3.775729144001768,0.38060668474801174,1.4463054020424446,paper-run-depth-u1_rzxy-L3-s0
breast_cancer,su2_cnot,2,6,3,1,,"[16, 24, 26, 33]",64,64,6,63,0.09523809523809523,64,64,full_basis,0.5,False,0,0,0.2046678112252625,2.1490120178652563,0.3630214960331687,3.8117257083482716,0.10490202023500111,1.1014712124675117,paper-run-primary-a-breast_cancer-su2_cnot-s2
iris01,su2_haar,12,6,3,1,,"[1, 11, 14, 25]",64,64,6,63,0.09523809523809523,64,64,full_basis,0.5,False,0,0,0.23628741358283434,2.4810178426197607,0.35764298623942925,3.7552513555140075,0.11224487950981396,1.1785712348530466,paper-run-primary-b-iris01-su2_haar-s12
iris01,su2_haar,2,6,1,1,,"[16, 24, 26, 33]",64,64,6,63,0.09523809523809523,64,64,full_basis,0.5,False,0,0,0.49623905538669755,5.210510081560325,0.5895455252800967,6.190228015441016,0.11877623430264547,1.2471504601777774,paper-run-depth-su2_haar-L1-s2
iris01,su2_haar,0,10,3,1,,"[1, 3, 11, 20]",64,64,10,1023,0.009775171065493646,1024,1024,full_basis,0.5,False,0,0,0.14502128657157382,14.835677616272001,0.25462064775724635,26.0476922655663,0.008963689680087974,0.9169854542729997,paper-run-scaling-su2_haar-n10-s0
digits01,u1_rzxy,15,6,3,1,,"[7, 28, 33, 37]",64,64,5,19,0.2631578947368421,20,20,half_filled_sector,0.5,False,0,0,0.9669029647888012,3.674231266197445,0.9682785156915052,3.67945835962772,0.2927376782332678,1.1124031772864176,paper-run-primary-b-digits01-u1_rzxy-s15
iris01,u1_rzxy,0,8,3,1,,"[1, 3, 11, 20]",64,64,7,69,0.10144927536231885,70,70,half_filled_sector,0.5,False,0,0,0.9989320413391503,9.846615836057337,0.99980175596831,9.855188737401912,0.09090836005760747,0.8960966919964164,paper-run-scaling-u1_rzxy-n8-s0
breast_cancer,ryrz_cz,6,6,3,1,,"[10, 21, 25, 32]",64,64,6,63,0.09523809523809523,64,64,full_basis,0.5,False,0,0,0.20817915910215656,2.185881170572644,0.35578672208479,3.7357605818902955,0.08872694320850891,0.9316329036893436,paper-run-primary-a-breast_cancer-ryrz_cz-s6
breast_cancer,su2_cnot,19,6,3,1,,"[13, 24, 29, 40]",64,64,6,63,0.09523809523809523,64,64,full_basis,0.5,False,0,0,0.2361425020227878,2.479496271239272,0.33917641860027486,3.5613523953028863,0.10709687199263182,1.1245171559226341,paper-run-primary-b-breast_cancer-su2_cnot-s19
breast_cancer,ryrz_cz,13,6,3,1,,"[5, 8, 23, 40]",64,64,6,63,0.09523809523809523,64,64,full_basis,0.5,False,0,0,0.23488256297067217,2.466266911192058,0.3038574468033385,3.190503191435054,0.08940500622620927,0.9387525653751974,paper-run-primary-b-breast_cancer-ryrz_cz-s13
iris01,u1_rzxy,3,8,3,1,,"[15, 33, 34, 40]",64,64,7,69,0.10144927536231885,70,70,half_filled_sector,0.5,False,0,0,0.9998176284159314,9.855345194385608,0.9999695028611553,9.85684224248853,0.09231282765837906,0.9099407297754507,paper-run-scaling-u1_rzxy-n8-s3
breast_cancer,su2_cnot,4,6,3,1,,"[3, 9, 10, 15]",64,64,6,63,0.09523809523809523,64,64,full_basis,0.5,False,0,0,0.1915164046500929,2.0109222488259757,0.3168797290256996,3.327237154769846,0.099010823908234,1.039613651036457,paper-run-primary-a-breast_cancer-su2_cnot-s4
breast_cancer,su2_haar,13,6,3,1,,"[5, 8, 23, 40]",64,64,6,63,0.09523809523809523,64,64,full_basis,0.5,False,0,0,0.267698249817679,2.8108316230856296,0.34466152432248537,3.6189460053860967,0.09329929754926451,0.9796426242672774,paper-run-primary-b-breast_cancer-su2_haar-s13
digits01,su2_haar,0,6,3,1,,"[1, 3, 11, 20]",64,64,6,63,0.09523809523809523,64,64,full_basis,0.5,False,0,0,0.19601377480214519,2.0581446354225243,0.2804847725512372,2.945090111787991,0.08613353741828125,0.9044021428919532,paper-run-order-digits01-su2_haar-r1-s0
breast_cancer,su2_haar,12,6,3,1,,"[1, 11, 14, 25]",64,64,6,63,0.09523809523809523,64,64,full_basis,0.5,False,0,0,0.21735062985379847,2.2821816134648842,0.3082184037209792,3.2362932390702817,0.10648958447807655,1.118140637019804,paper-run-primary-b-breast_cancer-su2_haar-s12
digits01,u1_rzxy,4,6,3,2,,"[3, 9, 10, 15]",64,64,14,19,0.7368421052631579,20,20,half_filled_sector,0.5,False,0,0,0.999999815872602,1.3571426072556743,0.9999999915750173,1.357142845708952,0.7851796909677706,1.065601009170546,paper-run-order-digits01-u1_rzxy-r2-s4
iris01,su2_haar,8,6,3,1,,"[18, 28, 31, 44]",64,64,6,63,0.09523809523809523,64,64,full_basis,0.5,False,0,0,0.2245672783434624,2.3579564226063554,0.3556342656174126,3.734159788982833,0.1031625280902184,1.0832065449472934,paper-run-primary-a-iris01-su2_haar-s8
digits01,u1_rzxy,1,6,3,1,10000,"[18, 23, 29, 30]",64,64,5,19,0.2631578947368421,20,9,half_filled_sector,0.5,True,392,3920000,0.9163048264699621,3.4819583405858565,0.9628466908915443,3.6588174253878685,0.10282968853937782,0.3907528164496357,paper-run-finite-digits01-u1_rzxy-q10000-s1
digits01,ryrz_cz,12,6,3,1,,"[1, 11, 14, 25]",64,64,6,63,0.09523809523809523,64,64,full_basis,0.5,False,0,0,0.24368952660146184,2.5587400293153495,0.3374765359992583,3.5435036279922123,0.09646150407180121,1.0128457927539127,paper-run-primary-b-digits01-ryrz_cz-s12
wine01,u1_rzxy,8,6,3,1,,"[18, 28, 31, 44]",64,64,5,19,0.2631578947368421,20,20,half_filled_sector,0.5,False,0,0,0.9669520591364495,3.6744178247185086,0.9765247215283759,3.7107939418078284,0.23013118745998318,0.8744985123479361,paper-run-primary-a-wine01-u1_rzxy-s8
wine01,su2_haar,2,6,3,1,,"[16, 24, 26, 33]",64,64,6,63,0.09523809523809523,64,64,full_basis,0.5,False,0,0,0.20255427847183066,2.1268199239542223,0.2981808790908117,3.1308992304535233,0.10191145072110527,1.0700702325716054,paper-run-primary-a-wine01-su2_haar-s2
digits01,su2_cnot,14,6,3,1,,"[6, 18, 35, 36]",64,64,6,63,0.09523809523809523,64,64,full_basis,0.5,False,0,0,0.14830794736001385,1.5572334472801455,0.30791979301514166,3.2331578266589878,0.08831232581902372,0.9272794210997491,paper-run-primary-b-digits01-su2_cnot-s14
wine01,ryrz_cz,9,6,3,1,,"[14, 34, 38, 42]",64,64,6,63,0.09523809523809523,64,64,full_basis,0.5,False,0,0,0.24430048192897286,2.5651550602542152,0.30743246191639817,3.228040850122181,0.07347584209653236,0.7714963420135899,paper-run-primary-a-wine01-ryrz_cz-s9
iris01,ryrz_cz,7,6,3,1,,"[12, 19, 20, 26]",64,64,6,63,0.09523809523809523,64,64,full_basis,0.5,False,0,0,0.5190930367148006,5.450476885505406,0.5652496862916194,5.935121706062004,0.10605095402826814,1.1135350172968155,paper-run-primary-a-iris01-ryrz_cz-s7
digits01,su2_cnot,8,6,3,1,,"[18, 28, 31, 44]",64,64,6,63,0.09523809523809523,64,64,full_basis,0.5,False,0,0,0.18086609327518255,1.8990939793894168,0.30519912957207507,3.2045908605067885,0.09730631150881372,1.021716270842544,paper-run-primary-a-digits01-su2_cnot-s8
digits01,u1_rzxy,0,6,3,1,,"[1, 3, 11, 20]",64,64,5,19,0.2631578947368421,20,20,half_filled_sector,0.5,False,0,0,0.9625680885182137,3.6577587363692126,0.9728090385593662,3.6966743465255916,0.35579927249711224,1.3520372354890267,paper-run-order-digits01-u1_rzxy-r1-s0
iris01,u1_rzxy,2,6,3,1,,"[16, 24, 26, 33]",64,64,5,19,0.2631578947368421,20,20,half_filled_sector,0.5,False,0,0,0.992810734543061,3.772680791263632,0.9992199166008797,3.797035683083343,0.2404403602333796,0.9136733688868426,paper-run-scaling-u1_rzxy-n6-s2
iris01,su2_haar,1,8,3,1,,"[18, 23, 29, 30]",64,64,8,255,0.03137254901960784,256,256,full_basis,0.5,False,0,0,0.25052198230900025,7.985388186099383,0.3826414470252128,12.196696123928659,0.03473353074274733,1.1071312924250711,paper-run-scaling-su2_haar-n8-s1
digits01,ryrz_cz,7,6,3,1,,"[12, 19, 20, 26]",64,64,6,63,0.09523809523809523,64,64,full_basis,0.5,False,0,0,0.28121542880908856,2.95276200249543,0.36940645850314546,3.8787678142830275,0.1028747358594928,1.0801847265246745,paper-run-primary-a-digits01-ryrz_cz-s7
iris01,su2_haar,1,4,3,1,,"[18, 23, 29, 30]",64,64,4,15,0.26666666666666666,16,16,full_basis,0.5,False,0,0,0.37332626006068886,1.3999734752275832,0.4876391490103841,1.8286468087889403,0.26789254984685673,1.0045970619257127,paper-run-scaling-su2_haar-n4-s1
wine01,u1_rzxy,14,6,3,1,,"[6, 18, 35, 36]",64,64,5,19,0.2631578947368421,20,20,half_filled_sector,0.5,False,0,0,0.9845990493914429,3.7414763876874835,0.9963511937853654,3.7861345363843886,0.4047401358008067,1.5380125160430655,paper-run-primary-b-wine01-u1_rzxy-s14
digits01,su2_haar,4,6,3,1,,"[3, 9, 10, 15]",64,64,6,63,0.09523809523809523,64,64,full_basis,0.5,False,0,0,0.2689004019649884,2.823454220632378,0.3210352555371212,3.3708701831397727,0.10961316861821263,1.1509382704912328,paper-run-order-digits01-su2_haar-r1-s4
digits01,ryrz_cz,18,6,3,1,,"[0, 9, 25, 30]",64,64,6,63,0.09523809523809523,64,64,full_basis,0.5,False,0,0,0.3680868411760153,3.864911832348161,0.42967032636687913,4.511538426852231,0.09723591330130701,1.0209770896637238,paper-run-primary-b-digits01-ryrz_cz-s18
wine01,su2_haar,13,6,3,1,,"[5, 8, 23, 40]",64,64,6,63,0.09523809523809523,64,64,full_basis,0.5,False,0,0,0.24479593998290194,2.5703573698204707,0.3594673320620243,3.7744069866512553,0.09741341965159189,1.022840906341715,paper-run-primary-b-wine01-su2_haar-s13
digits01,su2_haar,4,6,3,2,,"[3, 9, 10, 15]",64,64,21,63,0.3333333333333333,64,64,full_basis,0.5,False,0,0,0.5728558042908561,1.7185674128725685,0.750490153629419,2.251470460888257,0.33228875328171537,0.9968662598451461,paper-run-order-digits01-su2_haar-r2-s4
iris01,u1_rzxy,2,6,1,1,,"[16, 24, 26, 33]",64,64,5,19,0.2631578947368421,20,19,half_filled_sector,0.5,False,0,0,0.9910911108148589,3.7661462210964642,0.9998098252517842,3.79927733595678,0.2593369896360483,0.9854805606169835,paper-run-depth-u1_rzxy-L1-s2
breast_cancer,ryrz_cz,0,6,3,1,,"[1, 3, 11, 20]",64,64,6,63,0.09523809523809523,64,64,full_basis,0.5,False,0,0,0.24630946550381366,2.5862493877900437,0.31981479101041055,3.358055305609311,0.09478547308643648,0.9952474674075831,paper-run-primary-a-breast_cancer-ryrz_cz-s0
wine01,su2_cnot,15,6,3,1,,"[7, 28, 33, 37]",64,64,6,63,0.09523809523809523,64,64,full_basis,0.5,False,0,0,0.17046566436365254,1.789889475818352,0.2974847779767976,3.123590168756375,0.10049811255165828,1.055230181792412,paper-run-primary-b-wine01-su2_cnot-s15
iris01,su2_cnot,13,6,3,1,,"[5, 8, 23, 40]",64,64,6,63,0.09523809523809523,64,64,full_basis,0.5,False,0,0,0.17620934687074843,1.8501981421428586,0.352918724443847,3.7056466066603932,0.09038902487964212,0.9490847612362423,paper-run-primary-b-iris01-su2_cnot-s13
wine01,su2_haar,17,6,3,1,,"[6, 10, 29, 33]",64,64,6,63,0.09523809523809523,64,64,full_basis,0.5,False,0,0,0.20874359192421008,2.191807715204206,0.3037486689570033,3.189361024048535,0.10212682989194827,1.072331713865457,paper-run-primary-b-wine01-su2_haar-s17
digits01,u1_rzxy,10,6,3,1,,"[4, 14, 19, 38]",64,64,5,19,0.2631578947368421,20,20,half_filled_sector,0.5,False,0,0,0.9759019334037554,3.708427346934271,0.9791047491352773,3.7205980467140543,0.35715203105431526,1.357177718006398,paper-run-primary-b-digits01-u1_rzxy-s10
iris01,su2_haar,2,6,5,1,,"[16, 24, 26, 33]",64,64,6,63,0.09523809523809523,64,64,full_basis,0.5,False,0,0,0.11796072378743144,1.2385875997680302,0.24215865724240657,2.542665901045269,0.10479841707395107,1.1003833792764863,paper-run-depth-su2_haar-L5-s2
breast_cancer,su2_cnot,7,6,3,1,,"[12, 19, 20, 26]",64,64,6,63,0.09523809523809523,64,64,full_basis,0.5,False,0,0,0.1663205394304441,1.746365664019663,0.3035896442130388,3.1876912642369075,0.1014623897441593,1.0653550923136728,paper-run-primary-a-breast_cancer-su2_cnot-s7
iris01,u1_rzxy,1,6,3,2,,"[18, 23, 29, 30]",64,64,14,19,0.7368421052631579,20,20,half_filled_sector,0.5,False,0,0,0.9999997958710733,1.3571425801107424,0.9999999220352191,1.3571427513335117,0.7660671637006768,1.0396625793080614,paper-run-order-iris01-u1_rzxy-r2-s1
digits01,u1_rzxy,7,6,3,1,,"[12, 19, 20, 26]",64,64,5,19,0.2631578947368421,20,20,half_filled_sector,0.5,False,0,0,0.9727690292623661,3.696522311196991,0.9830468089995891,3.7355778741984387,0.3797519905185883,1.4430575639706358,paper-run-primary-a-digits01-u1_rzxy-s7
breast_cancer,u1_rzxy,10,6,3,1,,"[4, 14, 19, 38]",64,64,5,19,0.2631578947368421,20,20,half_filled_sector,0.5,False,0,0,0.966851046277813,3.6740339758556897,0.9704695143381896,3.687784154485121,0.3721401945601877,1.4141327393287133,paper-run-primary-b-breast_cancer-u1_rzxy-s10
iris01,u1_rzxy,0,6,3,1,10000,"[1, 3, 11, 20]",64,64,5,19,0.2631578947368421,20,10,half_filled_sector,0.5,True,392,3920000,0.9094728218010406,3.4559967228439543,0.9847192850360167,3.7419332831368637,0.38451730428455005,1.4611657562812903,paper-run-finite-iris01-u1_rzxy-q10000-s0
iris01,su2_haar,1,6,1,1,,"[18, 23, 29, 30]",64,64,6,63,0.09523809523809523,64,64,full_basis,0.5,False,0,0,0.5045873106071337,5.298166761374904,0.6530848610157018,6.8573910406648695,0.09851469688363138,1.0344043172781294,paper-run-depth-su2_haar-L1-s1
digits01,su2_haar,16,6,3,1,,"[14, 24, 34, 40]",64,64,6,63,0.09523809523809523,64,64,full_basis,0.5,False,0,0,0.22917852478499634,2.4063745102424616,0.3336006367946991,3.5028066863443406,0.10090779149234581,1.0595318106696312,paper-run-primary-b-digits01-su2_haar-s16
wine01,u1_rzxy,9,6,3,1,,"[14, 34, 38, 42]",64,64,5,19,0.2631578947368421,20,20,half_filled_sector,0.5,False,0,0,0.9813551302469493,3.7291494949384076,0.9950524576656592,3.7811993391295053,0.26483339158084385,1.0063668880072068,paper-run-primary-a-wine01-u1_rzxy-s9
iris01,su2_haar,4,6,3,1,,"[3, 9, 10, 15]",64,64,6,63,0.09523809523809523,64,64,full_basis,0.5,False,0,0,0.29897072775753475,3.139192641454115,0.406540154069152,4.268671617726096,0.10531129789134316,1.1057686278591032,paper-run-primary-a-iris01-su2_haar-s4
breast_cancer,su2_cnot,10,6,3,1,,"[4, 14, 19, 38]",64,64,6,63,0.09523809523809523,64,64,full_basis,0.5,False,0,0,0.2688660786748088,2.823093826085492,0.4010554383469268,4.211082102642732,0.09338063026030544,0.9804966177332072,paper-run-primary-b-breast_cancer-su2_cnot-s10
breast_cancer,su2_haar,15,6,3,1,,"[7, 28, 33, 37]",64,64,6,63,0.09523809523809523,64,64,full_basis,0.5,False,0,0,0.19484424520085686,2.045864574608997,0.2965162161013159,3.113420269063817,0.09516577959012668,0.9992406856963302,paper-run-primary-b-breast_cancer-su2_haar-s15
wine01,u1_rzxy,3,6,3,1,,"[15, 33, 34, 40]",64,64,5,19,0.2631578947368421,20,20,half_filled_sector,0.5,False,0,0,0.9715878872807078,3.6920339716666897,0.9810240643712165,3.7278914446106226,0.297244389328628,1.1295286794487864,paper-run-primary-a-wine01-u1_rzxy-s3
digits01,su2_cnot,7,6,3,1,,"[12, 19, 20, 26]",64,64,6,63,0.09523809523809523,64,64,full_basis,0.5,False,0,0,0.19064070406802291,2.001727392714241,0.30800923154490034,3.234096931221454,0.09231555420843096,0.9693133191885251,paper-run-primary-a-digits01-su2_cnot-s7
digits01,u1_rzxy,0,6,3,2,,"[1, 3, 11, 20]",64,64,14,19,0.7368421052631579,20,20,half_filled_sector,0.5,False,0,0,0.9999991161395995,1.357141657618028,0.9999999931430132,1.3571428478369467,0.7273475957069995,0.987114594173785,paper-run-order-digits01-u1_rzxy-r2-s0
iris01,ryrz_cz,18,6,3,1,,"[0, 9, 25, 30]",64,64,6,63,0.09523809523809523,64,64,full_basis,0.5,False,0,0,0.4494949979866907,4.719697478860253,0.5223208649540019,5.48436908201702,0.0934322873764193,0.9810390174524027,paper-run-primary-b-iris01-ryrz_cz-s18
digits01,su2_haar,17,6,3,1,,"[6, 10, 29, 33]",64,64,6,63,0.09523809523809523,64,64,full_basis,0.5,False,0,0,0.19346856952742778,2.0314199800379917,0.3052272294146777,3.2048859088541164,0.10294523804508898,1.0809249994734345,paper-run-primary-b-digits01-su2_haar-s17
digits01,su2_haar,10,6,3,1,,"[4, 14, 19, 38]",64,64,6,63,0.09523809523809523,64,64,full_basis,0.5,False,0,0,0.18022667812775822,1.8923801203414614,0.31343295416823636,3.291046018766482,0.11405214412166198,1.197547513277451,paper-run-primary-b-digits01-su2_haar-s10
digits01,su2_haar,13,6,3,1,,"[5, 8, 23, 40]",64,64,6,63,0.09523809523809523,64,64,full_basis,0.5,False,0,0,0.21533111406151187,2.2609766976458747,0.30608785223091517,3.2139224484246096,0.10465978581500265,1.098927751057528,paper-run-primary-b-digits01-su2_haar-s13
iris01,su2_haar,3,6,3,1,,"[15, 33, 34, 40]",64,64,6,63,0.09523809523809523,64,64,full_basis,0.5,False,0,0,0.1823318811190467,1.9144847517499903,0.334103311936526,3.508084775333523,0.09096955043441768,0.9551802795613856,paper-run-order-iris01-su2_haar-r1-s3
digits01,su2_haar,2,6,3,2,,"[16, 24, 26, 33]",64,64,21,63,0.3333333333333333,64,64,full_basis,0.5,False,0,0,0.5362638882567232,1.6087916647701697,0.7651962358894003,2.2955887076682013,0.3125086930600158,0.9375260791800474,paper-run-order-digits01-su2_haar-r2-s2
breast_cancer,ryrz_cz,15,6,3,1,,"[7, 28, 33, 37]",64,64,6,63,0.09523809523809523,64,64,full_basis,0.5,False,0,0,0.2462235378776623,2.585347147715454,0.35045385465518064,3.679765473879397,0.09496079392199276,0.9970883361809241,paper-run-primary-b-breast_cancer-ryrz_cz-s15
breast_cancer,ryrz_cz,4,6,3,1,,"[3, 9, 10, 15]",64,64,6,63,0.09523809523809523,64,64,full_basis,0.5,False,0,0,0.25775369857463504,2.706413835033668,0.3310969496290534,3.4765179711050607,0.08663645287493442,0.9096827551868114,paper-run-primary-a-breast_cancer-ryrz_cz-s4
breast_cancer,su2_haar,7,6,3,1,,"[12, 19, 20, 26]",64,64,6,63,0.09523809523809523,64,64,full_basis,0.5,False,0,0,0.23089171726693086,2.424363031302774,0.3095318874320948,3.2500848180369957,0.10004185335644179,1.0504394602426388,paper-run-primary-a-breast_cancer-su2_haar-s7
breast_cancer,u1_rzxy,6,6,3,1,,"[10, 21, 25, 32]",64,64,5,19,0.2631578947368421,20,20,half_filled_sector,0.5,False,0,0,0.9872797920205605,3.75166320967813,0.9958859053126992,3.784366440188257,0.273543570672897,1.0394655685570087,paper-run-primary-a-breast_cancer-u1_rzxy-s6
iris01,su2_haar,0,6,3,2,,"[1, 3, 11, 20]",64,64,21,63,0.3333333333333333,64,64,full_basis,0.5,False,0,0,0.532030064296052,1.5960901928881561,0.7619448627191203,2.285834588157361,0.3363668527952891,1.0091005583858674,paper-run-order-iris01-su2_haar-r2-s0
wine01,ryrz_cz,14,6,3,1,,"[6, 18, 35, 36]",64,64,6,63,0.09523809523809523,64,64,full_basis,0.5,False,0,0,0.3482497716492653,3.656622602317286,0.39007038924463605,4.0957390870686785,0.09273753481921065,0.9737441156017119,paper-run-primary-b-wine01-ryrz_cz-s14
digits01,u1_rzxy,9,6,3,1,,"[14, 34, 38, 42]",64,64,5,19,0.2631578947368421,20,20,half_filled_sector,0.5,False,0,0,0.9831879003033469,3.7361140211527184,0.9915393335286838,3.7678494674089986,0.2816328379817654,1.0702047843307085,paper-run-primary-a-digits01-u1_rzxy-s9
wine01,ryrz_cz,2,6,3,1,,"[16, 24, 26, 33]",64,64,6,63,0.09523809523809523,64,64,full_basis,0.5,False,0,0,0.3148396739858873,3.305816576851817,0.3756666528017719,3.944499854418605,0.09681401697125075,1.016547178198133,paper-run-primary-a-wine01-ryrz_cz-s2
iris01,su2_haar,2,6,3,2,,"[16, 24, 26, 33]",64,64,21,63,0.3333333333333333,64,64,full_basis,0.5,False,0,0,0.5100763318872259,1.5302289956616777,0.8006314742535011,2.4018944227605035,0.33088547430316695,0.9926564229095008,paper-run-order-iris01-su2_haar-r2-s2
iris01,su2_haar,9,6,3,1,,"[14, 34, 38, 42]",64,64,6,63,0.09523809523809523,64,64,full_basis,0.5,False,0,0,0.2489892739303914,2.61438737626911,0.3943547905317514,4.14072530058339,0.09536104961608377,1.0012910209688797,paper-run-primary-a-iris01-su2_haar-s9
iris01,su2_haar,3,10,3,1,,"[15, 33, 34, 40]",64,64,10,1023,0.009775171065493646,1024,1024,full_basis,0.5,False,0,0,0.16715813623248438,17.10027733658315,0.3072601399185731,31.432712313670027,0.010554124611220943,1.0796869477279025,paper-run-scaling-su2_haar-n10-s3
breast_cancer,su2_cnot,15,6,3,1,,"[7, 28, 33, 37]",64,64,6,63,0.09523809523809523,64,64,full_basis,0.5,False,0,0,0.15428342991935462,1.6199760141532236,0.29337772107049775,3.0804660712402265,0.07841994256848987,0.8234093969691437,paper-run-primary-b-breast_cancer-su2_cnot-s15
iris01,su2_cnot,10,6,3,1,,"[4, 14, 19, 38]",64,64,6,63,0.09523809523809523,64,64,full_basis,0.5,False,0,0,0.20820652841761225,2.186168548384929,0.5471529388186162,5.74510585759547,0.10027626480298167,1.0529007804313075,paper-run-primary-b-iris01-su2_cnot-s10
digits01,su2_haar,2,6,3,1,10000,"[16, 24, 26, 33]",64,64,6,63,0.09523809523809523,64,64,full_basis,0.5,True,440,4400000,0.2710727512819987,2.8462638884609865,0.32365928680028094,3.3984225114029503,0.10065525416241786,1.0568801687053875,paper-run-finite-digits01-su2_haar-q10000-s2
wine01,ryrz_cz,6,6,3,1,,"[10, 21, 25, 32]",64,64,6,63,0.09523809523809523,64,64,full_basis,0.5,False,0,0,0.2914134339165508,3.0598410561237834,0.4459885957925438,4.68288025582171,0.09153375582112819,0.961104436121846,paper-run-primary-a-wine01-ryrz_cz-s6
iris01,su2_haar,3,6,3,1,,"[15, 33, 34, 40]",64,64,6,63,0.09523809523809523,64,64,full_basis,0.5,False,0,0,0.1823318811190467,1.9144847517499903,0.334103311936526,3.508084775333523,0.09096955043441768,0.9551802795613856,paper-run-depth-su2_haar-L3-s3
iris01,u1_rzxy,0,6,3,1,,"[1, 3, 11, 20]",64,64,5,19,0.2631578947368421,20,20,half_filled_sector,0.5,False,0,0,0.9893838620262705,3.759658675699828,0.9936129326320442,3.775729144001768,0.38060668474801174,1.4463054020424446,paper-run-primary-a-iris01-u1_rzxy-s0
iris01,su2_haar,0,6,3,1,1000,"[1, 3, 11, 20]",64,64,6,63,0.09523809523809523,64,64,full_basis,0.5,True,440,440000,0.1919582412048677,2.015561532651111,0.33321422893859015,3.498749403855197,0.08697544279443553,0.9132421493415731,paper-run-finite-iris01-su2_haar-q1000-s0
wine01,u1_rzxy,10,6,3,1,,"[4, 14, 19, 38]",64,64,5,19,0.2631578947368421,20,20,half_filled_sector,0.5,False,0,0,0.9467555488150661,3.597671085497251,0.9568976832291152,3.636211196270638,0.3754511208698295,1.4267142593053523,paper-run-primary-b-wine01-u1_rzxy-s10
iris01,u1_rzxy,3,6,3,1,10000,"[15, 33, 34, 40]",64,64,5,19,0.2631578947368421,20,8,half_filled_sector,0.5,True,392,3920000,0.9107699285899846,3.460925728641942,0.9749684359173547,3.704880056485948,0.27910773424597257,1.0606093901346958,paper-run-finite-iris01-u1_rzxy-q10000-s3
wine01,ryrz_cz,7,6,3,1,,"[12, 19, 20, 26]",64,64,6,63,0.09523809523809523,64,64,full_basis,0.5,False,0,0,0.3502287625130507,3.6774020063870325,0.4258581329891621,4.471510396386202,0.10162182932980945,1.0670292079629993,paper-run-primary-a-wine01-ryrz_cz-s7
wine01,ryrz_cz,17,6,3,1,,"[6, 10, 29, 33]",64,64,6,63,0.09523809523809523,64,64,full_basis,0.5,False,0,0,0.27437204521968517,2.8809064748066944,0.3378857667612238,3.54780055099285,0.11413127379884068,1.1983783748878272,paper-run-primary-b-wine01-ryrz_cz-s17
wine01,su2_cnot,11,6,3,1,,"[5, 9, 14, 30]",64,64,6,63,0.09523809523809523,64,64,full_basis,0.5,False,0,0,0.15109367955360575,1.5864836353128604,0.2629628102638447,2.7611095077703696,0.08492428347886562,0.891704976528089,paper-run-primary-b-wine01-su2_cnot-s11
iris01,su2_haar,5,6,3,1,,"[2, 33, 36, 38]",64,64,6,63,0.09523809523809523,64,64,full_basis,0.5,False,0,0,0.17370787029848828,1.823932638134127,0.30504623127640473,3.20298542840225,0.0910334391076999,0.9558511106308489,paper-run-primary-a-iris01-su2_haar-s5
breast_cancer,su2_cnot,14,6,3,1,,"[6, 18, 35, 36]",64,64,6,63,0.09523809523809523,64,64,full_basis,0.5,False,0,0,0.2586026819034515,2.7153281599862407,0.4041474155217197,4.2435478629780565,0.07475632312839707,0.7849413928481693,paper-run-primary-b-breast_cancer-su2_cnot-s14
digits01,u1_rzxy,2,6,3,1,,"[16, 24, 26, 33]",64,64,5,19,0.2631578947368421,20,20,half_filled_sector,0.5,False,0,0,0.9571928698960289,3.63733290560491,0.968705263641287,3.6810800018368908,0.2886462994060487,1.0968559377429852,paper-run-primary-a-digits01-u1_rzxy-s2
breast_cancer,su2_haar,10,6,3,1,,"[4, 14, 19, 38]",64,64,6,63,0.09523809523809523,64,64,full_basis,0.5,False,0,0,0.16302033569051771,1.711713524750436,0.340413164027324,3.5743382222869022,0.10694388240471683,1.1229107652495267,paper-run-primary-b-breast_cancer-su2_haar-s10
wine01,su2_haar,12,6,3,1,,"[1, 11, 14, 25]",64,64,6,63,0.09523809523809523,64,64,full_basis,0.5,False,0,0,0.19783141436062215,2.0772298507865328,0.3241395326498629,3.4034650928235606,0.09983082069933252,1.0482236173429915,paper-run-primary-b-wine01-su2_haar-s12
iris01,u1_rzxy,4,6,3,1,10000,"[3, 9, 10, 15]",64,64,5,19,0.2631578947368421,20,10,half_filled_sector,0.5,True,392,3920000,0.9499130993640924,3.6096697775835516,0.9883136158151864,3.7555917400977084,0.3932604103107397,1.494389559180811,paper-run-finite-iris01-u1_rzxy-q10000-s4
breast_cancer,su2_cnot,8,6,3,1,,"[18, 28, 31, 44]",64,64,6,63,0.09523809523809523,64,64,full_basis,0.5,False,0,0,0.1609569990881291,1.6900484904253557,0.31768236433039365,3.3356648254691335,0.09016620158361802,0.9467451166279892,paper-run-primary-a-breast_cancer-su2_cnot-s8
wine01,su2_cnot,8,6,3,1,,"[18, 28, 31, 44]",64,64,6,63,0.09523809523809523,64,64,full_basis,0.5,False,0,0,0.20156613470959178,2.1164444144507137,0.33302694391663934,3.496782911124713,0.09386839414631208,0.9856181385362769,paper-run-primary-a-wine01-su2_cnot-s8
iris01,su2_cnot,1,6,3,1,,"[18, 23, 29, 30]",64,64,6,63,0.09523809523809523,64,64,full_basis,0.5,False,0,0,0.20409673290713887,2.143015695524958,0.45710026670131165,4.799552800363773,0.09040975671815893,0.9493024455406688,paper-run-primary-a-iris01-su2_cnot-s1
iris01,su2_haar,2,4,3,1,,"[16, 24, 26, 33]",64,64,4,15,0.26666666666666666,16,16,full_basis,0.5,False,0,0,0.2888916019170109,1.083343507188791,0.38701895457218033,1.4513210796456764,0.25965313662892486,0.9736992623584683,paper-run-scaling-su2_haar-n4-s2
digits01,u1_rzxy,3,6,3,1,,"[15, 33, 34, 40]",64,64,5,19,0.2631578947368421,20,20,half_filled_sector,0.5,False,0,0,0.9606163236715555,3.650342029951911,0.9698680997648592,3.685498779106465,0.29635784353336103,1.126159805426772,paper-run-order-digits01-u1_rzxy-r1-s3
iris01,u1_rzxy,13,6,3,1,,"[5, 8, 23, 40]",64,64,5,19,0.2631578947368421,20,20,half_filled_sector,0.5,False,0,0,0.98031459354114,3.7251954554563325,0.9988503393495156,3.7956312895281594,0.3794450806480911,1.4418913064627463,paper-run-primary-b-iris01-u1_rzxy-s13
digits01,su2_cnot,2,6,3,1,,"[16, 24, 26, 33]",64,64,6,63,0.09523809523809523,64,64,full_basis,0.5,False,0,0,0.184357554880428,1.935754326244494,0.30098376784032277,3.160329562323389,0.12126166221748037,1.273247453283544,paper-run-primary-a-digits01-su2_cnot-s2
digits01,u1_rzxy,1,6,3,2,,"[18, 23, 29, 30]",64,64,14,19,0.7368421052631579,20,20,half_filled_sector,0.5,False,0,0,0.9999997663163186,1.3571425400007182,0.9999999493014398,1.3571427883376683,0.7572975224505025,1.0277609233256821,paper-run-order-digits01-u1_rzxy-r2-s1
digits01,su2_haar,18,6,3,1,,"[0, 9, 25, 30]",64,64,6,63,0.09523809523809523,64,64,full_basis,0.5,False,0,0,0.19079559031202964,2.003353698276311,0.34246940063993986,3.5959287067193686,0.09930253235072184,1.0426765896825794,paper-run-primary-b-digits01-su2_haar-s18
digits01,su2_cnot,10,6,3,1,,"[4, 14, 19, 38]",64,64,6,63,0.09523809523809523,64,64,full_basis,0.5,False,0,0,0.2693864399000553,2.8285576189505806,0.3410212578978432,3.580723207927354,0.0934831083058447,0.9815726372113694,paper-run-primary-b-digits01-su2_cnot-s10
iris01,su2_cnot,11,6,3,1,,"[5, 9, 14, 30]",64,64,6,63,0.09523809523809523,64,64,full_basis,0.5,False,0,0,0.1983030684811642,2.0821822190522243,0.35089415053990336,3.6843885806689856,0.08865751003995394,0.9309038554195164,paper-run-primary-b-iris01-su2_cnot-s11
digits01,u1_rzxy,6,6,3,1,,"[10, 21, 25, 32]",64,64,5,19,0.2631578947368421,20,20,half_filled_sector,0.5,False,0,0,0.9800715458880368,3.72427187437454,0.9920956411297064,3.7699634362928847,0.2954445752114089,1.1226893858033538,paper-run-primary-a-digits01-u1_rzxy-s6
digits01,ryrz_cz,14,6,3,1,,"[6, 18, 35, 36]",64,64,6,63,0.09523809523809523,64,64,full_basis,0.5,False,0,0,0.18997110596551137,1.9946966126378693,0.37024148425029135,3.8875355846280595,0.08761518864426945,0.9199594807648294,paper-run-primary-b-digits01-ryrz_cz-s14
breast_cancer,su2_haar,8,6,3,1,,"[18, 28, 31, 44]",64,64,6,63,0.09523809523809523,64,64,full_basis,0.5,False,0,0,0.23678660937074053,2.4862593983927757,0.3635452243137399,3.8172248552942696,0.08593674194617071,0.9023357904347925,paper-run-primary-a-breast_cancer-su2_haar-s8
wine01,su2_cnot,9,6,3,1,,"[14, 34, 38, 42]",64,64,6,63,0.09523809523809523,64,64,full_basis,0.5,False,0,0,0.1457254244606105,1.5301169568364101,0.26967084836886485,2.831543907873081,0.10199508441528923,1.070948386360537,paper-run-primary-a-wine01-su2_cnot-s9
breast_cancer,u1_rzxy,8,6,3,1,,"[18, 28, 31, 44]",64,64,5,19,0.2631578947368421,20,20,half_filled_sector,0.5,False,0,0,0.9692079131443945,3.682990069948699,0.9828462805264944,3.734815866000679,0.23877664783302013,0.9073512617654765,paper-run-primary-a-breast_cancer-u1_rzxy-s8
iris01,su2_haar,0,6,3,1,10000,"[1, 3, 11, 20]",64,64,6,63,0.09523809523809523,64,64,full_basis,0.5,True,440,4400000,0.20164435387895244,2.1172657157290007,0.35156068940875995,3.6913872387919797,0.09107408621830501,0.9562779052922027,paper-run-finite-iris01-su2_haar-q10000-s0
wine01,ryrz_cz,15,6,3,1,,"[7, 28, 33, 37]",64,64,6,63,0.09523809523809523,64,64,full_basis,0.5,False,0,0,0.2666965385058925,2.800313654311871,0.33421832852196864,3.5092924494806708,0.09115847197921634,0.9571639557817716,paper-run-primary-b-wine01-ryrz_cz-s15
wine01,su2_haar,14,6,3,1,,"[6, 18, 35, 36]",64,64,6,63,0.09523809523809523,64,64,full_basis,0.5,False,0,0,0.19226574931217166,2.0187903677778025,0.3312257682594581,3.4778705667243104,0.09125461799753101,0.9581734889740757,paper-run-primary-b-wine01-su2_haar-s14
wine01,su2_cnot,12,6,3,1,,"[1, 11, 14, 25]",64,64,6,63,0.09523809523809523,64,64,full_basis,0.5,False,0,0,0.17193401297094196,1.8053071361948907,0.3221386764140808,3.3824561023478483,0.10641593375647007,1.1173673044429357,paper-run-primary-b-wine01-su2_cnot-s12
iris01,u1_rzxy,2,6,3,1,,"[16, 24, 26, 33]",64,64,5,19,0.2631578947368421,20,20,half_filled_sector,0.5,False,0,0,0.992810734543061,3.772680791263632,0.9992199166008797,3.797035683083343,0.2404403602333796,0.9136733688868426,paper-run-primary-a-iris01-u1_rzxy-s2
wine01,ryrz_cz,5,6,3,1,,"[2, 33, 36, 38]",64,64,6,63,0.09523809523809523,64,64,full_basis,0.5,False,0,0,0.34436287872001214,3.6158102265601277,0.3802994272714376,3.9931439863500953,0.09599981660359405,1.0079980743377377,paper-run-primary-a-wine01-ryrz_cz-s5
iris01,su2_haar,4,6,3,1,,"[3, 9, 10, 15]",64,64,6,63,0.09523809523809523,64,64,full_basis,0.5,False,0,0,0.29897072775753475,3.139192641454115,0.406540154069152,4.268671617726096,0.10531129789134316,1.1057686278591032,paper-run-order-iris01-su2_haar-r1-s4
iris01,su2_haar,3,6,1,1,,"[15, 33, 34, 40]",64,64,6,63,0.09523809523809523,64,64,full_basis,0.5,False,0,0,0.47200957591277015,4.956100547084087,0.5499762724254379,5.7747508604670985,0.11032297782979084,1.1583912672128038,paper-run-depth-su2_haar-L1-s3
breast_cancer,u1_rzxy,2,6,3,1,,"[16, 24, 26, 33]",64,64,5,19,0.2631578947368421,20,20,half_filled_sector,0.5,False,0,0,0.9819312834787345,3.731338877219191,0.9891901082767116,3.7589224114515045,0.24332971952703025,0.924652934202715,paper-run-primary-a-breast_cancer-u1_rzxy-s2
digits01,ryrz_cz,1,6,3,1,,"[18, 23, 29, 30]",64,64,6,63,0.09523809523809523,64,64,full_basis,0.5,False,0,0,0.2778636780317655,2.9175686193335375,0.34425070133605923,3.614632364028622,0.10246044380616692,1.0758346599647528,paper-run-primary-a-digits01-ryrz_cz-s1
iris01,su2_haar,1,6,5,1,,"[18, 23, 29, 30]",64,64,6,63,0.09523809523809523,64,64,full_basis,0.5,False,0,0,0.17442962587034017,1.8315110716385719,0.32450013968903485,3.407251466734866,0.09576060725249969,1.0054863761512467,paper-run-depth-su2_haar-L5-s1
iris01,su2_haar,4,8,3,1,,"[3, 9, 10, 15]",64,64,8,255,0.03137254901960784,256,256,full_basis,0.5,False,0,0,0.24114016117174406,7.686342637349342,0.3543752067090065,11.295709713849583,0.03396497256111348,1.082633500385492,paper-run-scaling-su2_haar-n8-s4
wine01,u1_rzxy,13,6,3,1,,"[5, 8, 23, 40]",64,64,5,19,0.2631578947368421,20,20,half_filled_sector,0.5,False,0,0,0.9776435686997903,3.7150455610592035,0.9865243512173445,3.7487925346259092,0.35785729620449114,1.3598577255770663,paper-run-primary-b-wine01-u1_rzxy-s13
wine01,u1_rzxy,15,6,3,1,,"[7, 28, 33, 37]",64,64,5,19,0.2631578947368421,20,20,half_filled_sector,0.5,False,0,0,0.9517835516556228,3.6167774962913666,0.9590606184561743,3.6444303501334625,0.26789860279763567,1.0180146906310157,paper-run-primary-b-wine01-u1_rzxy-s15
iris01,su2_cnot,14,6,3,1,,"[6, 18, 35, 36]",64,64,6,63,0.09523809523809523,64,64,full_basis,0.5,False,0,0,0.23754239805543242,2.4941951795820407,0.4397971489165527,4.617870063623804,0.0900482724856852,0.9455068610996946,paper-run-primary-b-iris01-su2_cnot-s14
digits01,u1_rzxy,8,6,3,1,,"[18, 28, 31, 44]",64,64,5,19,0.2631578947368421,20,20,half_filled_sector,0.5,False,0,0,0.9506049516739306,3.612298816360936,0.9629062676364787,3.659043817018619,0.2549146009683222,0.9686754836796244,paper-run-primary-a-digits01-u1_rzxy-s8
digits01,u1_rzxy,1,6,3,1,1000,"[18, 23, 29, 30]",64,64,5,19,0.2631578947368421,20,9,half_filled_sector,0.5,True,392,392000,0.8678897333093228,3.297980986575427,0.968653803624841,3.680884453774396,0.1013538287530074,0.38514454926142816,paper-run-finite-digits01-u1_rzxy-q1000-s1
iris01,su2_haar,10,6,3,1,,"[4, 14, 19, 38]",64,64,6,63,0.09523809523809523,64,64,full_basis,0.5,False,0,0,0.22476123989787405,2.359993018927678,0.35871680698863284,3.766526473380645,0.09212717649363844,0.9673353531832036,paper-run-primary-b-iris01-su2_haar-s10
iris01,u1_rzxy,2,6,3,2,,"[16, 24, 26, 33]",64,64,14,19,0.7368421052631579,20,20,half_filled_sector,0.5,False,0,0,0.9999999991298798,1.3571428559619798,0.9999999999600262,1.357142857088607,0.6763867768718885,0.9179534828975631,paper-run-order-iris01-u1_rzxy-r2-s2
breast_cancer,su2_haar,3,6,3,1,,"[15, 33, 34, 40]",64,64,6,63,0.09523809523809523,64,64,full_basis,0.5,False,0,0,0.17429538866384967,1.8301015809704215,0.29159923359616713,3.061791952759755,0.100055463365487,1.0505823653376136,paper-run-primary-a-breast_cancer-su2_haar-s3
iris01,su2_haar,3,6,3,1,10000,"[15, 33, 34, 40]",64,64,6,63,0.09523809523809523,64,64,full_basis,0.5,True,440,4400000,0.18045595092154404,1.8947874846762125,0.33126080814446623,3.4782384855168957,0.09077008273286905,0.953085868695125,paper-run-finite-iris01-su2_haar-q10000-s3
iris01,u1_rzxy,8,6,3,1,,"[18, 28, 31, 44]",64,64,5,19,0.2631578947368421,20,20,half_filled_sector,0.5,False,0,0,0.9881186910493739,3.754851025987621,0.9945117265331358,3.7791445608259164,0.21222856920763522,0.8064685629890139,paper-run-primary-a-iris01-u1_rzxy-s8
iris01,su2_cnot,8,6,3,1,,"[18, 28, 31, 44]",64,64,6,63,0.09523809523809523,64,64,full_basis,0.5,False,0,0,0.22310677549586977,2.3426211427066326,0.4660587003564324,4.89361635374254,0.11773801929325795,1.2362492025792085,paper-run-primary-a-iris01-su2_cnot-s8
digits01,su2_haar,2,6,3,1,,"[16, 24, 26, 33]",64,64,6,63,0.09523809523809523,64,64,full_basis,0.5,False,0,0,0.27267754929500976,2.8631142675976027,0.32651075310916305,3.4283629076462123,0.10118987174609913,1.062493653334041,paper-run-primary-a-digits01-su2_haar-s2
breast_cancer,u1_rzxy,9,6,3,1,,"[14, 34, 38, 42]",64,64,5,19,0.2631578947368421,20,20,half_filled_sector,0.5,False,0,0,0.9831085933218289,3.7358126546229498,0.9936715125635529,3.775951747741501,0.26225383678859926,0.9965645797966772,paper-run-primary-a-breast_cancer-u1_rzxy-s9
digits01,su2_cnot,9,6,3,1,,"[14, 34, 38, 42]",64,64,6,63,0.09523809523809523,64,64,full_basis,0.5,False,0,0,0.1568196386549425,1.6466062058768964,0.31140097780997716,3.2697102670047604,0.09239529643017706,0.9701506125168592,paper-run-primary-a-digits01-su2_cnot-s9
wine01,ryrz_cz,18,6,3,1,,"[0, 9, 25, 30]",64,64,6,63,0.09523809523809523,64,64,full_basis,0.5,False,0,0,0.23182086071249072,2.4341190374811528,0.34207065015522814,3.5917418266298955,0.10361723537305466,1.087980971417074,paper-run-primary-b-wine01-ryrz_cz-s18
iris01,su2_haar,1,6,3,1,10000,"[18, 23, 29, 30]",64,64,6,63,0.09523809523809523,64,64,full_basis,0.5,True,440,4400000,0.2738270883283855,2.8751844274480476,0.34318390027470735,3.6034309528844273,0.09567630304777541,1.0046011820016418,paper-run-finite-iris01-su2_haar-q10000-s1
wine01,su2_cnot,6,6,3,1,,"[10, 21, 25, 32]",64,64,6,63,0.09523809523809523,64,64,full_basis,0.5,False,0,0,0.21903819204400546,2.2999010164620572,0.3525728012968476,3.7020144136169,0.08224387965389174,0.8635607363658633,paper-run-primary-a-wine01-su2_cnot-s6
iris01,u1_rzxy,2,6,3,1,,"[16, 24, 26, 33]",64,64,5,19,0.2631578947368421,20,20,half_filled_sector,0.5,False,0,0,0.992810734543061,3.772680791263632,0.9992199166008797,3.797035683083343,0.2404403602333796,0.9136733688868426,paper-run-order-iris01-u1_rzxy-r1-s2
iris01,u1_rzxy,2,6,3,1,1000,"[16, 24, 26, 33]",64,64,5,19,0.2631578947368421,20,6,half_filled_sector,0.5,True,392,392000,0.8994583688195317,3.4179418015142207,0.9677531173593635,3.6774618459655817,0.2279848613946489,0.8663424732996658,paper-run-finite-iris01-u1_rzxy-q1000-s2
breast_cancer,su2_haar,14,6,3,1,,"[6, 18, 35, 36]",64,64,6,63,0.09523809523809523,64,64,full_basis,0.5,False,0,0,0.17784475677427458,1.8673699461298832,0.2896103412049654,3.040908582652137,0.1075174587713829,1.1289333170995206,paper-run-primary-b-breast_cancer-su2_haar-s14
digits01,u1_rzxy,17,6,3,1,,"[6, 10, 29, 33]",64,64,5,19,0.2631578947368421,20,20,half_filled_sector,0.5,False,0,0,0.9550525556136484,3.6291997113318644,0.9610351390210508,3.651933528279993,0.3520711398030139,1.3378703312514528,paper-run-primary-b-digits01-u1_rzxy-s17
iris01,ryrz_cz,6,6,3,1,,"[10, 21, 25, 32]",64,64,6,63,0.09523809523809523,64,64,full_basis,0.5,False,0,0,0.5197884090488822,5.457778295013264,0.5094328106324616,5.349044511640847,0.08803530298338927,0.9243706813255874,paper-run-primary-a-iris01-ryrz_cz-s6
iris01,su2_haar,13,6,3,1,,"[5, 8, 23, 40]",64,64,6,63,0.09523809523809523,64,64,full_basis,0.5,False,0,0,0.24033870978482014,2.523556452740612,0.34609038379371354,3.6339490298339925,0.09733076201296484,1.0219730011361308,paper-run-primary-b-iris01-su2_haar-s13
iris01,su2_cnot,18,6,3,1,,"[0, 9, 25, 30]",64,64,6,63,0.09523809523809523,64,64,full_basis,0.5,False,0,0,0.20226067765836914,2.123737115412876,0.4086457943543638,4.290780840720821,0.08591670440992535,0.9021253963042163,paper-run-primary-b-iris01-su2_cnot-s18
digits01,su2_haar,3,6,3,1,1000,"[15, 33, 34, 40]",64,64,6,63,0.09523809523809523,64,64,full_basis,0.5,True,440,440000,0.15939163538081852,1.6736121714985945,0.2521520557527959,2.6475965854043575,0.08446848523026063,0.8869190949177366,paper-run-finite-digits01-su2_haar-q1000-s3
digits01,u1_rzxy,12,6,3,1,,"[1, 11, 14, 25]",64,64,5,19,0.2631578947368421,20,20,half_filled_sector,0.5,False,0,0,0.9630556530810288,3.6596114817079095,0.9712434382429518,3.690725065323217,0.11889436264254168,0.4517985780416584,paper-run-primary-b-digits01-u1_rzxy-s12
breast_cancer,u1_rzxy,5,6,3,1,,"[2, 33, 36, 38]",64,64,5,19,0.2631578947368421,20,20,half_filled_sector,0.5,False,0,0,0.985717886708465,3.7457279694921675,0.9949606903131549,3.780850623189989,0.18303353620677282,0.6955274375857368,paper-run-primary-a-breast_cancer-u1_rzxy-s5
iris01,u1_rzxy,3,6,1,1,,"[15, 33, 34, 40]",64,64,5,19,0.2631578947368421,20,19,half_filled_sector,0.5,False,0,0,0.9788539129587192,3.719644869243133,0.9964532486180154,3.786522344748459,0.283791246248966,1.078406735746071,paper-run-depth-u1_rzxy-L1-s3
iris01,u1_rzxy,1,10,3,1,,"[18, 23, 29, 30]",64,64,9,251,0.035856573705179286,252,251,half_filled_sector,0.5,False,0,0,0.95986551673375,26.76958274446347,0.9999648130048502,27.88790756269082,0.04114673634245765,1.1475367579952076,paper-run-scaling-u1_rzxy-n10-s1
breast_cancer,su2_haar,16,6,3,1,,"[14, 24, 34, 40]",64,64,6,63,0.09523809523809523,64,64,full_basis,0.5,False,0,0,0.2859909589558181,3.0029050690360903,0.3579546589672661,3.758523919156294,0.09008431384269269,0.9458852953482734,paper-run-primary-b-breast_cancer-su2_haar-s16
wine01,ryrz_cz,11,6,3,1,,"[5, 9, 14, 30]",64,64,6,63,0.09523809523809523,64,64,full_basis,0.5,False,0,0,0.2415458584063569,2.5362315132667477,0.39184276465496637,4.114349028877147,0.08057753389665656,0.8460641059148939,paper-run-primary-b-wine01-ryrz_cz-s11
iris01,u1_rzxy,3,10,3,1,,"[15, 33, 34, 40]",64,64,9,251,0.035856573705179286,252,251,half_filled_sector,0.5,False,0,0,0.9837462506695991,27.435589879785482,0.999908507187744,27.88633725601375,0.027965009958021543,0.779913055495934,paper-run-scaling-u1_rzxy-n10-s3
iris01,su2_haar,3,6,3,1,,"[15, 33, 34, 40]",64,64,6,63,0.09523809523809523,64,64,full_basis,0.5,False,0,0,0.1823318811190467,1.9144847517499903,0.334103311936526,3.508084775333523,0.09096955043441768,0.9551802795613856,paper-run-primary-a-iris01-su2_haar-s3
digits01,ryrz_cz,13,6,3,1,,"[5, 8, 23, 40]",64,64,6,63,0.09523809523809523,64,64,full_basis,0.5,False,0,0,0.2760168494270189,2.8981769189836983,0.3659086123696979,3.8420404298818283,0.10784376563129072,1.1323595391285526,paper-run-primary-b-digits01-ryrz_cz-s13
iris01,u1_rzxy,4,8,3,1,,"[3, 9, 10, 15]",64,64,7,69,0.10144927536231885,70,70,half_filled_sector,0.5,False,0,0,0.9995217374740821,9.852428555101666,0.9999332153596276,9.856484551402044,0.07372186416896481,0.7266869468083674,paper-run-scaling-u1_rzxy-n8-s4
iris01,su2_haar,4,6,3,1,1000,"[3, 9, 10, 15]",64,64,6,63,0.09523809523809523,64,64,full_basis,0.5,True,440,440000,0.2860503253780177,3.0035284164691864,0.38714416896171244,4.065013774097981,0.10364745724429798,1.0882983010651288,paper-run-finite-iris01-su2_haar-q1000-s4
wine01,su2_haar,11,6,3,1,,"[5, 9, 14, 30]",64,64,6,63,0.09523809523809523,64,64,full_basis,0.5,False,0,0,0.14804465212211715,1.5544688472822301,0.2910492206825871,3.0560168171671647,0.1001675988611817,1.0517597880424079,paper-run-primary-b-wine01-su2_haar-s11
iris01,su2_haar,0,8,3,1,,"[1, 3, 11, 20]",64,64,8,255,0.03137254901960784,256,256,full_basis,0.5,False,0,0,0.13849244378227127,4.414446645559897,0.30508078912659053,9.724450153410073,0.03289887012432351,1.0486514852128117,paper-run-scaling-su2_haar-n8-s0
digits01,su2_cnot,5,6,3,1,,"[2, 33, 36, 38]",64,64,6,63,0.09523809523809523,64,64,full_basis,0.5,False,0,0,0.19540950551922442,2.0517998079518565,0.3068974187024327,3.2224228963755435,0.12260610509879405,1.2873641035373375,paper-run-primary-a-digits01-su2_cnot-s5
iris01,u1_rzxy,1,6,3,1,,"[18, 23, 29, 30]",64,64,5,19,0.2631578947368421,20,20,half_filled_sector,0.5,False,0,0,0.9815060194709446,3.72972287398959,0.9946426390232321,3.7796420282882823,0.08669300755062348,0.32943342869236925,paper-run-scaling-u1_rzxy-n6-s1
iris01,u1_rzxy,4,6,3,1,,"[3, 9, 10, 15]",64,64,5,19,0.2631578947368421,20,20,half_filled_sector,0.5,False,0,0,0.9932720578876674,3.774433819973136,0.9954911402295608,3.782866332872331,0.3912977540029208,1.486931465211099,paper-run-primary-a-iris01-u1_rzxy-s4
digits01,su2_haar,0,6,3,2,,"[1, 3, 11, 20]",64,64,21,63,0.3333333333333333,64,64,full_basis,0.5,False,0,0,0.4976181956023347,1.4928545868070042,0.7421346455560436,2.226403936668131,0.3332501930212884,0.9997505790638652,paper-run-order-digits01-su2_haar-r2-s0
iris01,su2_haar,1,6,3,1,,"[18, 23, 29, 30]",64,64,6,63,0.09523809523809523,64,64,full_basis,0.5,False,0,0,0.2761308117246069,2.899373523108373,0.3501113252944574,3.6761689155918025,0.09402793424707202,0.9872933095942563,paper-run-scaling-su2_haar-n6-s1
iris01,u1_rzxy,0,6,3,2,,"[1, 3, 11, 20]",64,64,14,19,0.7368421052631579,20,20,half_filled_sector,0.5,False,0,0,0.9999998732207627,1.3571426850853208,0.9999999981037697,1.3571428545694018,0.7068855133322921,0.9593446252366822,paper-run-order-iris01-u1_rzxy-r2-s0
breast_cancer,su2_cnot,17,6,3,1,,"[6, 10, 29, 33]",64,64,6,63,0.09523809523809523,64,64,full_basis,0.5,False,0,0,0.2088120750793473,2.1925267883331467,0.37290199301572086,3.915470926665069,0.1041440904490562,1.0935129497150902,paper-run-primary-b-breast_cancer-su2_cnot-s17
iris01,su2_haar,1,6,3,1,,"[18, 23, 29, 30]",64,64,6,63,0.09523809523809523,64,64,full_basis,0.5,False,0,0,0.2761308117246069,2.899373523108373,0.3501113252944574,3.6761689155918025,0.09402793424707202,0.9872933095942563,paper-run-order-iris01-su2_haar-r1-s1
digits01,ryrz_cz,4,6,3,1,,"[3, 9, 10, 15]",64,64,6,63,0.09523809523809523,64,64,full_basis,0.5,False,0,0,0.28713665684870116,3.0149348969113623,0.37053725657650605,3.890641194053314,0.08025054600635244,0.8426307330667007,paper-run-primary-a-digits01-ryrz_cz-s4
digits01,u1_rzxy,2,6,3,2,,"[16, 24, 26, 33]",64,64,14,19,0.7368421052631579,20,20,half_filled_sector,0.5,False,0,0,0.9999999956643352,1.3571428512587407,0.9999999995182007,1.3571428564889867,0.7203656555801209,0.9776391040015927,paper-run-order-digits01-u1_rzxy-r2-s2
digits01,u1_rzxy,16,6,3,1,,"[14, 24, 34, 40]",64,64,5,19,0.2631578947368421,20,20,half_filled_sector,0.5,False,0,0,0.9661055870028799,3.6712012306109436,0.9766774255765731,3.711374217190978,0.4291746696399678,1.6308637446318777,paper-run-primary-b-digits01-u1_rzxy-s16
wine01,u1_rzxy,11,6,3,1,,"[5, 9, 14, 30]",64,64,5,19,0.2631578947368421,20,20,half_filled_sector,0.5,False,0,0,0.9641338468719365,3.663708618113359,0.9759212873802754,3.7085008920450466,0.2833508092024567,1.0767330749693356,paper-run-primary-b-wine01-u1_rzxy-s11
iris01,su2_haar,2,6,3,1,10000,"[16, 24, 26, 33]",64,64,6,63,0.09523809523809523,64,64,full_basis,0.5,True,440,4400000,0.260188710883103,2.731981464272582,0.35572286722778934,3.7350901058917882,0.11290998454525662,1.1855548377251945,paper-run-finite-iris01-su2_haar-q10000-s2
iris01,su2_haar,3,6,3,1,,"[15, 33, 34, 40]",64,64,6,63,0.09523809523809523,64,64,full_basis,0.5,False,0,0,0.1823318811190467,1.9144847517499903,0.3341033119365261,3.5080847753335243,0.09096955043441769,0.9551802795613858,paper-run-scaling-su2_haar-n6-s3
iris01,u1_rzxy,1,8,3,1,,"[18, 23, 29, 30]",64,64,7,69,0.10144927536231885,70,70,half_filled_sector,0.5,False,0,0,0.9996287751859785,9.85348364111893,0.9999440266878695,9.856591120208998,0.07273046331662665,0.7169145669781769,paper-run-scaling-u1_rzxy-n8-s1
iris01,u1_rzxy,3,6,3,1,,"[15, 33, 34, 40]",64,64,5,19,0.2631578947368421,20,20,half_filled_sector,0.5,False,0,0,0.9773142804755454,3.7137942658070724,0.992717350893999,3.7723259333971964,0.2760201097631573,1.0488764170999978,paper-run-depth-u1_rzxy-L3-s3
digits01,su2_cnot,19,6,3,1,,"[13, 24, 29, 40]",64,64,6,63,0.09523809523809523,64,64,full_basis,0.5,False,0,0,0.2008018491593685,2.108419416173369,0.3418374352638346,3.5892930702702635,0.08793497577758091,0.9233172456645996,paper-run-primary-b-digits01-su2_cnot-s19
digits01,u1_rzxy,1,6,3,1,,"[18, 23, 29, 30]",64,64,5,19,0.2631578947368421,20,20,half_filled_sector,0.5,False,0,0,0.9734120670848603,3.698965854922469,0.9856421730732174,3.7454402576782266,0.10284061727520033,0.39079434564576127,paper-run-primary-a-digits01-u1_rzxy-s1
iris01,u1_rzxy,10,6,3,1,,"[4, 14, 19, 38]",64,64,5,19,0.2631578947368421,20,20,half_filled_sector,0.5,False,0,0,0.9895741391736033,3.760381728859693,0.9921547477061328,3.770188041283305,0.37873634120362554,1.4391980965737772,paper-run-primary-b-iris01-u1_rzxy-s10
breast_cancer,ryrz_cz,2,6,3,1,,"[16, 24, 26, 33]",64,64,6,63,0.09523809523809523,64,64,full_basis,0.5,False,0,0,0.3334084866480065,3.500789109804068,0.4034286916914297,4.236001262760012,0.091934127482592,0.965308338567216,paper-run-primary-a-breast_cancer-ryrz_cz-s2
digits01,su2_haar,11,6,3,1,,"[5, 9, 14, 30]",64,64,6,63,0.09523809523809523,64,64,full_basis,0.5,False,0,0,0.1890968833097594,1.9855172747524739,0.3086616860988185,3.2409477040375942,0.09336975029344056,0.9803823780811259,paper-run-primary-b-digits01-su2_haar-s11
iris01,ryrz_cz,1,6,3,1,,"[18, 23, 29, 30]",64,64,6,63,0.09523809523809523,64,64,full_basis,0.5,False,0,0,0.37483422548966017,3.935759367641432,0.42756516457066096,4.48943422799194,0.0848746846301775,0.8911841886168638,paper-run-primary-a-iris01-ryrz_cz-s1
iris01,su2_cnot,5,6,3,1,,"[2, 33, 36, 38]",64,64,6,63,0.09523809523809523,64,64,full_basis,0.5,False,0,0,0.20117589713741596,2.1123469199428677,0.3739590333631093,3.926569850312648,0.10131926065333863,1.0638522368600556,paper-run-primary-a-iris01-su2_cnot-s5
iris01,u1_rzxy,11,6,3,1,,"[5, 9, 14, 30]",64,64,5,19,0.2631578947368421,20,20,half_filled_sector,0.5,False,0,0,0.9884686483897249,3.756180863880955,0.9931379789057558,3.7739243198418726,0.2803626433734566,1.0653780448191352,paper-run-primary-b-iris01-u1_rzxy-s11
breast_cancer,su2_cnot,0,6,3,1,,"[1, 3, 11, 20]",64,64,6,63,0.09523809523809523,64,64,full_basis,0.5,False,0,0,0.1329423891760691,1.3958950863487256,0.27364540552963684,2.873276758061187,0.08925391679629947,0.9371661263611445,paper-run-primary-a-breast_cancer-su2_cnot-s0
wine01,su2_cnot,7,6,3,1,,"[12, 19, 20, 26]",64,64,6,63,0.09523809523809523,64,64,full_basis,0.5,False,0,0,0.1953999673958806,2.0516996576567466,0.32724129043375233,3.4360335495543994,0.09040595038143387,0.9492624790050557,paper-run-primary-a-wine01-su2_cnot-s7
iris01,u1_rzxy,4,6,3,1,,"[3, 9, 10, 15]",64,64,5,19,0.2631578947368421,20,20,half_filled_sector,0.5,False,0,0,0.9932720578876675,3.7744338199731367,0.9954911402295608,3.782866332872331,0.391297754002921,1.4869314652110999,paper-run-scaling-u1_rzxy-n6-s4
wine01,su2_haar,6,6,3,1,,"[10, 21, 25, 32]",64,64,6,63,0.09523809523809523,64,64,full_basis,0.5,False,0,0,0.17879345714721961,1.877331300045806,0.2975556908863449,3.1243347543066218,0.08393907112340937,0.8813602467957984,paper-run-primary-a-wine01-su2_haar-s6
digits01,su2_haar,2,6,3,1,,"[16, 24, 26, 33]",64,64,6,63,0.09523809523809523,64,64,full_basis,0.5,False,0,0,0.27267754929500965,2.8631142675976013,0.32651075310916255,3.428362907646207,0.10118987174609902,1.0624936533340397,paper-run-order-digits01-su2_haar-r1-s2
digits01,su2_cnot,18,6,3,1,,"[0, 9, 25, 30]",64,64,6,63,0.09523809523809523,64,64,full_basis,0.5,False,0,0,0.2613639917819779,2.744321913710768,0.3952532413534795,4.150159034211535,0.09277416906944072,0.9741287752291277,paper-run-primary-b-digits01-su2_cnot-s18
breast_cancer,u1_rzxy,11,6,3,1,,"[5, 9, 14, 30]",64,64,5,19,0.2631578947368421,20,20,half_filled_sector,0.5,False,0,0,0.9816090838904642,3.7301145187837643,0.9881744346320934,3.7550628516019553,0.27898123077860504,1.0601286769586993,paper-run-primary-b-breast_cancer-u1_rzxy-s11
iris01,u1_rzxy,1,6,1,1,,"[18, 23, 29, 30]",64,64,5,19,0.2631578947368421,20,19,half_filled_sector,0.5,False,0,0,0.9758601080305,3.7082684105159003,0.999008852476381,3.7962336394102483,0.09090503146594059,0.34543911957057427,paper-run-depth-u1_rzxy-L1-s1
breast_cancer,su2_cnot,18,6,3,1,,"[0, 9, 25, 30]",64,64,6,63,0.09523809523809523,64,64,full_basis,0.5,False,0,0,0.22451983616826063,2.3574582797667367,0.32051297294721787,3.365386215945788,0.1079667213638363,1.1336505743202812,paper-run-primary-b-breast_cancer-su2_cnot-s18
iris01,su2_haar,2,10,3,1,,"[16, 24, 26, 33]",64,64,10,1023,0.009775171065493646,1024,1024,full_basis,0.5,False,0,0,0.1815405616929836,18.57159946119222,0.24617342126925262,25.18354099584454,0.009643842660103027,0.9865651041285397,paper-run-scaling-su2_haar-n10-s2
iris01,u1_rzxy,0,6,3,1,1000,"[1, 3, 11, 20]",64,64,5,19,0.2631578947368421,20,6,half_filled_sector,0.5,True,392,392000,0.8693364646376524,3.303478565623079,0.9688644470746028,3.681684898883491,0.39168991801115177,1.4884216884423769,paper-run-finite-iris01-u1_rzxy-q1000-s0
iris01,su2_haar,2,6,3,1,,"[16, 24, 26, 33]",64,64,6,63,0.09523809523809523,64,64,full_basis,0.5,False,0,0,0.26177998885052434,2.7486898829305058,0.3583929345881242,3.7631258131753045,0.11268973407738683,1.1832422078125617,paper-run-scaling-su2_haar-n6-s2
digits01,u1_rzxy,0,6,3,1,,"[1, 3, 11, 20]",64,64,5,19,0.2631578947368421,20,20,half_filled_sector,0.5,False,0,0,0.9625680885182133,3.657758736369211,0.9728090385593663,3.696674346525592,0.35579927249711196,1.3520372354890255,paper-run-primary-a-digits01-u1_rzxy-s0
breast_cancer,su2_cnot,16,6,3,1,,"[14, 24, 34, 40]",64,64,6,63,0.09523809523809523,64,64,full_basis,0.5,False,0,0,0.14780297119967833,1.5519311975966226,0.3096252700394932,3.251065335414679,0.09754947802476269,1.0242695192600082,paper-run-primary-b-breast_cancer-su2_cnot-s16
breast_cancer,su2_haar,9,6,3,1,,"[14, 34, 38, 42]",64,64,6,63,0.09523809523809523,64,64,full_basis,0.5,False,0,0,0.25722029477771347,2.7008130951659917,0.35869112004032977,3.7662567604234627,0.09740791633658852,1.0227831215341796,paper-run-primary-a-breast_cancer-su2_haar-s9
wine01,su2_haar,0,6,3,1,,"[1, 3, 11, 20]",64,64,6,63,0.09523809523809523,64,64,full_basis,0.5,False,0,0,0.22376672192934144,2.3495505802580854,0.3359405691073714,3.5273759756274,0.08668491540990855,0.9101916118040398,paper-run-primary-a-wine01-su2_haar-s0
breast_cancer,u1_rzxy,1,6,3,1,,"[18, 23, 29, 30]",64,64,5,19,0.2631578947368421,20,20,half_filled_sector,0.5,False,0,0,0.9804430460956685,3.7256835751635404,0.9929077678241689,3.773049517731842,0.08895809318927617,0.33804075411924944,paper-run-primary-a-breast_cancer-u1_rzxy-s1
iris01,su2_haar,3,4,3,1,,"[15, 33, 34, 40]",64,64,4,15,0.26666666666666666,16,16,full_basis,0.5,False,0,0,0.30926698003426595,1.1597511751284972,0.4538108602851173,1.7017907260691898,0.23341588723718426,0.875309577139441,paper-run-scaling-su2_haar-n4-s3
breast_cancer,ryrz_cz,3,6,3,1,,"[15, 33, 34, 40]",64,64,6,63,0.09523809523809523,64,64,full_basis,0.5,False,0,0,0.28989485689021216,3.043895997347228,0.39374011300125206,4.134271186513147,0.08569002998239501,0.8997453148151477,paper-run-primary-a-breast_cancer-ryrz_cz-s3
wine01,u1_rzxy,2,6,3,1,,"[16, 24, 26, 33]",64,64,5,19,0.2631578947368421,20,20,half_filled_sector,0.5,False,0,0,0.9652424741105174,3.6679214016199664,0.9723979886139034,3.695112356732833,0.26058839878653867,0.990235915388847,paper-run-primary-a-wine01-u1_rzxy-s2
digits01,su2_cnot,4,6,3,1,,"[3, 9, 10, 15]",64,64,6,63,0.09523809523809523,64,64,full_basis,0.5,False,0,0,0.22836596138412366,2.3978425945332984,0.29976587336798816,3.147541670363876,0.10533381046259538,1.1060050098572516,paper-run-primary-a-digits01-su2_cnot-s4
breast_cancer,ryrz_cz,1,6,3,1,,"[18, 23, 29, 30]",64,64,6,63,0.09523809523809523,64,64,full_basis,0.5,False,0,0,0.3290826476116413,3.4553677999222336,0.5018522794171885,5.269448933880479,0.0938948635692862,0.9858960674775051,paper-run-primary-a-breast_cancer-ryrz_cz-s1
iris01,su2_cnot,7,6,3,1,,"[12, 19, 20, 26]",64,64,6,63,0.09523809523809523,64,64,full_basis,0.5,False,0,0,0.260103587335897,2.7310876670269186,0.5022457579397434,5.273580458367306,0.10690745608454968,1.1225282888877717,paper-run-primary-a-iris01-su2_cnot-s7
iris01,su2_haar,2,6,3,1,,"[16, 24, 26, 33]",64,64,6,63,0.09523809523809523,64,64,full_basis,0.5,False,0,0,0.26177998885052434,2.7486898829305058,0.35839293458812416,3.763125813175304,0.11268973407738689,1.1832422078125624,paper-run-primary-a-iris01-su2_haar-s2
iris01,su2_haar,6,6,3,1,,"[10, 21, 25, 32]",64,64,6,63,0.09523809523809523,64,64,full_basis,0.5,False,0,0,0.23470587365277157,2.4644116733541015,0.3676954655293694,3.860802388058379,0.0830131519266122,0.8716380952294281,paper-run-primary-a-iris01-su2_haar-s6
iris01,u1_rzxy,1,6,5,1,,"[18, 23, 29, 30]",64,64,5,19,0.2631578947368421,20,20,half_filled_sector,0.5,False,0,0,0.9771591622185775,3.7132048164305944,0.9887783481393382,3.7573577229294854,0.08498898847418318,0.3229581562018961,paper-run-depth-u1_rzxy-L5-s1
wine01,su2_cnot,10,6,3,1,,"[4, 14, 19, 38]",64,64,6,63,0.09523809523809523,64,64,full_basis,0.5,False,0,0,0.14435174865770622,1.5156933609059156,0.2919114706110504,3.065070441416029,0.10020085697799852,1.0521089982689846,paper-run-primary-b-wine01-su2_cnot-s10
wine01,su2_haar,1,6,3,1,,"[18, 23, 29, 30]",64,64,6,63,0.09523809523809523,64,64,full_basis,0.5,False,0,0,0.2333911497516073,2.4506070723918767,0.31372351127285625,3.2940968683649907,0.09261094970570409,0.972414971909893,paper-run-primary-a-wine01-su2_haar-s1
digits01,su2_haar,5,6,3,1,,"[2, 33, 36, 38]",64,64,6,63,0.09523809523809523,64,64,full_basis,0.5,False,0,0,0.2154041662907165,2.2617437460525234,0.33354824434605723,3.5022565656336013,0.08942167378253729,0.9389275747166416,paper-run-primary-a-digits01-su2_haar-s5
iris01,su2_haar,4,6,3,1,,"[3, 9, 10, 15]",64,64,6,63,0.09523809523809523,64,64,full_basis,0.5,False,0,0,0.29897072775753475,3.139192641454115,0.406540154069152,4.268671617726096,0.10531129789134316,1.1057686278591032,paper-run-depth-su2_haar-L3-s4
digits01,u1_rzxy,5,6,3,1,,"[2, 33, 36, 38]",64,64,5,19,0.2631578947368421,20,20,half_filled_sector,0.5,False,0,0,0.9839192506394259,3.7388931524298186,0.9929611893822488,3.7732525196525453,0.1921814711184691,0.7302895902501826,paper-run-primary-a-digits01-u1_rzxy-s5
digits01,ryrz_cz,5,6,3,1,,"[2, 33, 36, 38]",64,64,6,63,0.09523809523809523,64,64,full_basis,0.5,False,0,0,0.25535300147925577,2.681206515532186,0.3850015455149125,4.042516227906582,0.09178574380982013,0.9637503100031114,paper-run-primary-a-digits01-ryrz_cz-s5
digits01,su2_haar,1,6,3,1,10000,"[18, 23, 29, 30]",64,64,6,63,0.09523809523809523,64,64,full_basis,0.5,True,440,4400000,0.2404284469649517,2.524498693131993,0.3463771527274838,3.63696010363858,0.09208563595490915,0.9668991775265461,paper-run-finite-digits01-su2_haar-q10000-s1
iris01,su2_cnot,19,6,3,1,,"[13, 24, 29, 40]",64,64,6,63,0.09523809523809523,64,64,full_basis,0.5,False,0,0,0.20843760962308652,2.1885949010424084,0.4084797572423402,4.289037451044573,0.08242905365200809,0.865505063346085,paper-run-primary-b-iris01-su2_cnot-s19
wine01,u1_rzxy,5,6,3,1,,"[2, 33, 36, 38]",64,64,5,19,0.2631578947368421,20,20,half_filled_sector,0.5,False,0,0,0.9733056589587146,3.6985615040431155,0.9882496194420145,3.755348553879655,0.18439379341598927,0.7006964149807593,paper-run-primary-a-wine01-u1_rzxy-s5
digits01,su2_haar,15,6,3,1,,"[7, 28, 33, 37]",64,64,6,63,0.09523809523809523,64,64,full_basis,0.5,False,0,0,0.1683323448238152,1.7674896206500597,0.28761520831549675,3.019959687312716,0.09798658963743917,1.0288591911931113,paper-run-primary-b-digits01-su2_haar-s15
iris01,u1_rzxy,16,6,3,1,,"[14, 24, 34, 40]",64,64,5,19,0.2631578947368421,20,20,half_filled_sector,0.5,False,0,0,0.8932936688901613,3.394515941782613,0.9593957859338249,3.645703986548535,0.3718932284381653,1.4131942680650282,paper-run-primary-b-iris01-u1_rzxy-s16
digits01,su2_cnot,3,6,3,1,,"[15, 33, 34, 40]",64,64,6,63,0.09523809523809523,64,64,full_basis,0.5,False,0,0,0.1348000856017546,1.4154008988184235,0.28920631049338685,3.0366662601805623,0.07999134089715051,0.8399090794200804,paper-run-primary-a-digits01-su2_cnot-s3
digits01,su2_haar,3,6,3,2,,"[15, 33, 34, 40]",64,64,21,63,0.3333333333333333,64,64,full_basis,0.5,False,0,0,0.4358382904735093,1.307514871420528,0.6843719853495345,2.0531159560486034,0.3248489520093494,0.9745468560280481,paper-run-order-digits01-su2_haar-r2-s3
iris01,su2_haar,0,6,3,1,,"[1, 3, 11, 20]",64,64,6,63,0.09523809523809523,64,64,full_basis,0.5,False,0,0,0.20431999850671245,2.1453599843204807,0.35404393850405813,3.7174613542926105,0.09123901700358768,0.9580096785376707,paper-run-order-iris01-su2_haar-r1-s0
wine01,u1_rzxy,16,6,3,1,,"[14, 24, 34, 40]",64,64,5,19,0.2631578947368421,20,20,half_filled_sector,0.5,False,0,0,0.9663705129878728,3.672207949353917,0.9765437651799613,3.7108663076838533,0.4145515670506882,1.575295954792615,paper-run-primary-b-wine01-u1_rzxy-s16
wine01,ryrz_cz,0,6,3,1,,"[1, 3, 11, 20]",64,64,6,63,0.09523809523809523,64,64,full_basis,0.5,False,0,0,0.31589452931604184,3.3168925578184396,0.37527992827033685,3.940439246838537,0.08645463879578191,0.9077737073557102,paper-run-primary-a-wine01-ryrz_cz-s0
iris01,u1_rzxy,4,6,3,1,,"[3, 9, 10, 15]",64,64,5,19,0.2631578947368421,20,20,half_filled_sector,0.5,False,0,0,0.9932720578876675,3.7744338199731367,0.9954911402295608,3.782866332872331,0.391297754002921,1.4869314652110999,paper-run-depth-u1_rzxy-L3-s4
breast_cancer,su2_haar,17,6,3,1,,"[6, 10, 29, 33]",64,64,6,63,0.09523809523809523,64,64,full_basis,0.5,False,0,0,0.1992768599295505,2.09240702926028,0.30258461739068815,3.1771384826022255,0.10066624067237238,1.05699552705991,paper-run-primary-b-breast_cancer-su2_haar-s17
wine01,su2_haar,15,6,3,1,,"[7, 28, 33, 37]",64,64,6,63,0.09523809523809523,64,64,full_basis,0.5,False,0,0,0.17704938674531473,1.8590185608258047,0.28047708024645757,2.9450093425878046,0.10362175887254044,1.0880284681616748,paper-run-primary-b-wine01-su2_haar-s15
wine01,su2_cnot,14,6,3,1,,"[6, 18, 35, 36]",64,64,6,63,0.09523809523809523,64,64,full_basis,0.5,False,0,0,0.23212630069214213,2.4373261572674925,0.4122844657268835,4.328986890132277,0.08912089480378933,0.9357693954397881,paper-run-primary-b-wine01-su2_cnot-s14
breast_cancer,ryrz_cz,19,6,3,1,,"[13, 24, 29, 40]",64,64,6,63,0.09523809523809523,64,64,full_basis,0.5,False,0,0,0.3357182571613607,3.5250417001942878,0.4749704901373852,4.987190146442544,0.11973543052994154,1.2572220205643863,paper-run-primary-b-breast_cancer-ryrz_cz-s19
digits01,su2_haar,1,6,3,1,,"[18, 23, 29, 30]",64,64,6,63,0.09523809523809523,64,64,full_basis,0.5,False,0,0,0.24152336731350307,2.5359953567917826,0.3474045297496474,3.6477475623712983,0.09229620377037684,0.9691101395889569,paper-run-primary-a-digits01-su2_haar-s1
breast_cancer,ryrz_cz,10,6,3,1,,"[4, 14, 19, 38]",64,64,6,63,0.09523809523809523,64,64,full_basis,0.5,False,0,0,0.4370258837666424,4.588771779549746,0.508573206020102,5.3400186632110715,0.09254034158805054,0.9716735866745307,paper-run-primary-b-breast_cancer-ryrz_cz-s10
digits01,u1_rzxy,11,6,3,1,,"[5, 9, 14, 30]",64,64,5,19,0.2631578947368421,20,20,half_filled_sector,0.5,False,0,0,0.9750920117975768,3.705349644830792,0.9819806394317548,3.7315264298406685,0.2641838375736685,1.0038985827799403,paper-run-primary-b-digits01-u1_rzxy-s11
wine01,su2_cnot,2,6,3,1,,"[16, 24, 26, 33]",64,64,6,63,0.09523809523809523,64,64,full_basis,0.5,False,0,0,0.1638244419730843,1.7201566407173852,0.32346630881234345,3.3963962425296064,0.10404896111473386,1.0925140917047056,paper-run-primary-a-wine01-su2_cnot-s2
iris01,u1_rzxy,3,4,3,1,,"[15, 33, 34, 40]",64,64,3,5,0.6,6,6,half_filled_sector,0.5,False,0,0,0.9992317223899424,1.6653862039832374,0.9994058013809668,1.6656763356349447,0.44011486806607575,0.7335247801101262,paper-run-scaling-u1_rzxy-n4-s3
iris01,u1_rzxy,4,10,3,1,,"[3, 9, 10, 15]",64,64,9,251,0.035856573705179286,252,251,half_filled_sector,0.5,False,0,0,0.8787985305602442,24.508714574513473,0.999979721750902,27.888323351052932,0.051072884172536775,1.4243659919229699,paper-run-scaling-u1_rzxy-n10-s4
digits01,ryrz_cz,16,6,3,1,,"[14, 24, 34, 40]",64,64,6,63,0.09523809523809523,64,64,full_basis,0.5,False,0,0,0.2486093320281527,2.6103979862956033,0.35540514779485083,3.731754051845934,0.09684058524122106,1.0168261450328213,paper-run-primary-b-digits01-ryrz_cz-s16
breast_cancer,su2_cnot,1,6,3,1,,"[18, 23, 29, 30]",64,64,6,63,0.09523809523809523,64,64,full_basis,0.5,False,0,0,0.25330336761880806,2.659685359997485,0.38701796931896504,4.063688677849133,0.09724551929996325,1.021077952649614,paper-run-primary-a-breast_cancer-su2_cnot-s1
iris01,ryrz_cz,13,6,3,1,,"[5, 8, 23, 40]",64,64,6,63,0.09523809523809523,64,64,full_basis,0.5,False,0,0,0.393893325272187,4.135879915357964,0.437672739603439,4.5955637658361095,0.09910270000471791,1.040578350049538,paper-run-primary-b-iris01-ryrz_cz-s13
wine01,u1_rzxy,12,6,3,1,,"[1, 11, 14, 25]",64,64,5,19,0.2631578947368421,20,20,half_filled_sector,0.5,False,0,0,0.9573624030682027,3.6379771316591705,0.9648866588547004,3.6665693036478615,0.118668265406148,0.4509394085433624,paper-run-primary-b-wine01-u1_rzxy-s12
iris01,u1_rzxy,4,4,3,1,,"[3, 9, 10, 15]",64,64,3,5,0.6,6,6,half_filled_sector,0.5,False,0,0,0.9999177301554388,1.6665295502590647,0.9999280973628987,1.6665468289381644,0.458020754386168,0.7633679239769467,paper-run-scaling-u1_rzxy-n4-s4
breast_cancer,ryrz_cz,9,6,3,1,,"[14, 34, 38, 42]",64,64,6,63,0.09523809523809523,64,64,full_basis,0.5,False,0,0,0.2669430873484039,2.802902417158241,0.36542134547086513,3.836924127444084,0.09051930432225387,0.9504526953836657,paper-run-primary-a-breast_cancer-ryrz_cz-s9
iris01,ryrz_cz,3,6,3,1,,"[15, 33, 34, 40]",64,64,6,63,0.09523809523809523,64,64,full_basis,0.5,False,0,0,0.41227588718137553,4.328896815404443,0.47020808776606915,4.937184921543726,0.08219736155061821,0.8630722962814913,paper-run-primary-a-iris01-ryrz_cz-s3
breast_cancer,su2_cnot,3,6,3,1,,"[15, 33, 34, 40]",64,64,6,63,0.09523809523809523,64,64,full_basis,0.5,False,0,0,0.17099394942008472,1.7954364689108897,0.3278507744239454,3.442433131451427,0.09511434915529668,0.9987006661306151,paper-run-primary-a-breast_cancer-su2_cnot-s3
iris01,su2_haar,3,6,5,1,,"[15, 33, 34, 40]",64,64,6,63,0.09523809523809523,64,64,full_basis,0.5,False,0,0,0.11393308893406956,1.1962974338077303,0.25289824175413095,2.6554315384183753,0.10169690191681396,1.0678174701265466,paper-run-depth-su2_haar-L5-s3
iris01,su2_haar,7,6,3,1,,"[12, 19, 20, 26]",64,64,6,63,0.09523809523809523,64,64,full_basis,0.5,False,0,0,0.22687980404883143,2.38223794251273,0.3878497046142064,4.072421898449168,0.0899052047522779,0.944004649898918,paper-run-primary-a-iris01-su2_haar-s7
breast_cancer,u1_rzxy,7,6,3,1,,"[12, 19, 20, 26]",64,64,5,19,0.2631578947368421,20,20,half_filled_sector,0.5,False,0,0,0.9715058073246405,3.691722067833634,0.9770394782368936,3.712750017300196,0.3615916882791334,1.374048415460707,paper-run-primary-a-breast_cancer-u1_rzxy-s7
breast_cancer,su2_haar,0,6,3,1,,"[1, 3, 11, 20]",64,64,6,63,0.09523809523809523,64,64,full_basis,0.5,False,0,0,0.21179208572024355,2.2238169000625576,0.3013546805298596,3.164224145563526,0.08236671280239637,0.8648504844251619,paper-run-primary-a-breast_cancer-su2_haar-s0
digits01,su2_haar,1,6,3,2,,"[18, 23, 29, 30]",64,64,21,63,0.3333333333333333,64,64,full_basis,0.5,False,0,0,0.5271160742400327,1.5813482227200981,0.749191770221526,2.2475753106645784,0.33133672512915524,0.9940101753874657,paper-run-order-digits01-su2_haar-r2-s1
digits01,ryrz_cz,2,6,3,1,,"[16, 24, 26, 33]",64,64,6,63,0.09523809523809523,64,64,full_basis,0.5,False,0,0,0.3000733453866999,3.150770126560349,0.4643854803935942,4.876047544132739,0.10402119301668619,1.092222526675205,paper-run-primary-a-digits01-ryrz_cz-s2
iris01,su2_cnot,9,6,3,1,,"[14, 34, 38, 42]",64,64,6,63,0.09523809523809523,64,64,full_basis,0.5,False,0,0,0.24038340953285653,2.5240258000949938,0.4655644390237681,4.888426609749565,0.10097976098263745,1.0602874903176933,paper-run-primary-a-iris01-su2_cnot-s9
digits01,su2_haar,2,6,3,1,1000,"[16, 24, 26, 33]",64,64,6,63,0.09523809523809523,64,64,full_basis,0.5,True,440,440000,0.25792236667140567,2.7081848500497596,0.31409505696852613,3.2979980981695247,0.10372373941437021,1.0890992638508874,paper-run-finite-digits01-su2_haar-q1000-s2
wine01,u1_rzxy,19,6,3,1,,"[13, 24, 29, 40]",64,64,5,19,0.2631578947368421,20,20,half_filled_sector,0.5,False,0,0,0.9727756185001827,3.6965473503006945,0.9811700820800768,3.728446311904292,0.43640309986308407,1.6583317794797194,paper-run-primary-b-wine01-u1_rzxy-s19
wine01,su2_haar,19,6,3,1,,"[13, 24, 29, 40]",64,64,6,63,0.09523809523809523,64,64,full_basis,0.5,False,0,0,0.24630618753516545,2.5862149691192373,0.35006607417116276,3.6756937787972093,0.10426540087281568,1.0947867091645647,paper-run-primary-b-wine01-su2_haar-s19
wine01,su2_cnot,4,6,3,1,,"[3, 9, 10, 15]",64,64,6,63,0.09523809523809523,64,64,full_basis,0.5,False,0,0,0.10790144393194509,1.1329651612854235,0.24103433564517635,2.5308605242743516,0.08305760500906964,0.8721048525952313,paper-run-primary-a-wine01-su2_cnot-s4
digits01,su2_cnot,17,6,3,1,,"[6, 10, 29, 33]",64,64,6,63,0.09523809523809523,64,64,full_basis,0.5,False,0,0,0.15427266569117287,1.6198629897573154,0.26421009968053255,2.774206046645592,0.10577343906561533,1.110621110188961,paper-run-primary-b-digits01-su2_cnot-s17
digits01,u1_rzxy,2,6,3,1,,"[16, 24, 26, 33]",64,64,5,19,0.2631578947368421,20,20,half_filled_sector,0.5,False,0,0,0.9571928698960289,3.63733290560491,0.9687052636412872,3.6810800018368917,0.2886462994060488,1.0968559377429854,paper-run-order-digits01-u1_rzxy-r1-s2
iris01,su2_haar,1,6,3,1,,"[18, 23, 29, 30]",64,64,6,63,0.09523809523809523,64,64,full_basis,0.5,False,0,0,0.2761308117246069,2.899373523108373,0.3501113252944574,3.6761689155918025,0.09402793424707202,0.9872933095942563,paper-run-primary-a-iris01-su2_haar-s1
wine01,su2_cnot,18,6,3,1,,"[0, 9, 25, 30]",64,64,6,63,0.09523809523809523,64,64,full_basis,0.5,False,0,0,0.15793447927806992,1.6583120324197342,0.24347664836661742,2.556504807849483,0.0953421668813067,1.0010927522537205,paper-run-primary-b-wine01-su2_cnot-s18
breast_cancer,su2_cnot,13,6,3,1,,"[5, 8, 23, 40]",64,64,6,63,0.09523809523809523,64,64,full_basis,0.5,False,0,0,0.1716458530224123,1.8022814567353294,0.29038275133667335,3.0490188890350702,0.09562728893673866,1.004086533835756,paper-run-primary-b-breast_cancer-su2_cnot-s13
iris01,su2_haar,0,4,3,1,,"[1, 3, 11, 20]",64,64,4,15,0.26666666666666666,16,16,full_basis,0.5,False,0,0,0.30864803091799053,1.1574301159424645,0.40055451480343407,1.5020794305128777,0.2701776302274216,1.013166113352831,paper-run-scaling-su2_haar-n4-s0
wine01,ryrz_cz,1,6,3,1,,"[18, 23, 29, 30]",64,64,6,63,0.09523809523809523,64,64,full_basis,0.5,False,0,0,0.2854902871887742,2.9976480154821297,0.42387734184873765,4.450712089411746,0.1007612428905863,1.0579930503511563,paper-run-primary-a-wine01-ryrz_cz-s1
digits01,su2_haar,0,6,3,1,10000,"[1, 3, 11, 20]",64,64,6,63,0.09523809523809523,64,64,full_basis,0.5,True,440,4400000,0.19566275032972252,2.0544588784620865,0.2748755992476639,2.8861937921004714,0.08642784645765822,0.9074923878054113,paper-run-finite-digits01-su2_haar-q10000-s0
iris01,ryrz_cz,9,6,3,1,,"[14, 34, 38, 42]",64,64,6,63,0.09523809523809523,64,64,full_basis,0.5,False,0,0,0.4522108559217759,4.748213987178647,0.4367945059386793,4.586342312356133,0.09858174207784257,1.035108291817347,paper-run-primary-a-iris01-ryrz_cz-s9
digits01,u1_rzxy,4,6,3,1,,"[3, 9, 10, 15]",64,64,5,19,0.2631578947368421,20,20,half_filled_sector,0.5,False,0,0,0.9603732893406741,3.649418499494562,0.96990067929369,3.685622581316022,0.3332913227777912,1.2665070265556067,paper-run-primary-a-digits01-u1_rzxy-s4
breast_cancer,u1_rzxy,17,6,3,1,,"[6, 10, 29, 33]",64,64,5,19,0.2631578947368421,20,20,half_filled_sector,0.5,False,0,0,0.9642583142543457,3.664181594166514,0.9694076656637715,3.6837491295223317,0.3642582108482695,1.384181201223424,paper-run-primary-b-breast_cancer-u1_rzxy-s17
iris01,u1_rzxy,4,6,1,1,,"[3, 9, 10, 15]",64,64,5,19,0.2631578947368421,20,19,half_filled_sector,0.5,False,0,0,0.987303496281361,3.7517532858691722,0.9997791058525389,3.799160602239648,0.4026580977498545,1.5301007714494472,paper-run-depth-u1_rzxy-L1-s4
wine01,su2_cnot,16,6,3,1,,"[14, 24, 34, 40]",64,64,6,63,0.09523809523809523,64,64,full_basis,0.5,False,0,0,0.18526686821199403,1.9453021162259374,0.3479964626031631,3.6539628573332124,0.08282200323780999,0.8696310339970049,paper-run-primary-b-wine01-su2_cnot-s16
digits01,ryrz_cz,15,6,3,1,,"[7, 28, 33, 37]",64,64,6,63,0.09523809523809523,64,64,full_basis,0.5,False,0,0,0.37114352698085795,3.8970070332990088,0.46528490449378,4.885491497184691,0.08982421620561426,0.9431542701589498,paper-run-primary-b-digits01-ryrz_cz-s15
digits01,ryrz_cz,19,6,3,1,,"[13, 24, 29, 40]",64,64,6,63,0.09523809523809523,64,64,full_basis,0.5,False,0,0,0.32927772221486584,3.4574160832560916,0.4389944214977041,4.609441425725894,0.09272399501342415,0.9736019476409536,paper-run-primary-b-digits01-ryrz_cz-s19
iris01,su2_haar,11,6,3,1,,"[5, 9, 14, 30]",64,64,6,63,0.09523809523809523,64,64,full_basis,0.5,False,0,0,0.19528118901539096,2.050452484661605,0.34819659971048894,3.656064296960134,0.10901417249720728,1.1446488112206765,paper-run-primary-b-iris01-su2_haar-s11
breast_cancer,su2_cnot,9,6,3,1,,"[14, 34, 38, 42]",64,64,6,63,0.09523809523809523,64,64,full_basis,0.5,False,0,0,0.15436250968954252,1.6208063517401965,0.3207314840548382,3.3676805825758014,0.09699623349695001,1.0184604517179752,paper-run-primary-a-breast_cancer-su2_cnot-s9
wine01,su2_cnot,13,6,3,1,,"[5, 8, 23, 40]",64,64,6,63,0.09523809523809523,64,64,full_basis,0.5,False,0,0,0.1717166758711789,1.8030250966473784,0.3332592101934445,3.4992217070311677,0.09102257199304492,0.9557370059269717,paper-run-primary-b-wine01-su2_cnot-s13
breast_cancer,su2_haar,5,6,3,1,,"[2, 33, 36, 38]",64,64,6,63,0.09523809523809523,64,64,full_basis,0.5,False,0,0,0.1831089740138138,1.922644227145045,0.2788132531492603,2.9275391580672334,0.09905743260725332,1.04010304237616,paper-run-primary-a-breast_cancer-su2_haar-s5
wine01,su2_haar,18,6,3,1,,"[0, 9, 25, 30]",64,64,6,63,0.09523809523809523,64,64,full_basis,0.5,False,0,0,0.18605133396966797,1.9535390066815137,0.3021912438151359,3.173008060058927,0.08977247854324356,0.9426110247040574,paper-run-primary-b-wine01-su2_haar-s18
digits01,su2_cnot,6,6,3,1,,"[10, 21, 25, 32]",64,64,6,63,0.09523809523809523,64,64,full_basis,0.5,False,0,0,0.17147444978022902,1.8004817226924048,0.26907141525377176,2.8252498601646034,0.09267603379384494,0.9730983548353719,paper-run-primary-a-digits01-su2_cnot-s6
iris01,u1_rzxy,2,8,3,1,,"[16, 24, 26, 33]",64,64,7,69,0.10144927536231885,70,70,half_filled_sector,0.5,False,0,0,0.9999773062918185,9.856919162019352,0.9999960395086058,9.8571038180134,0.09310483027366637,0.9177476126975684,paper-run-scaling-u1_rzxy-n8-s2
iris01,u1_rzxy,2,10,3,1,,"[16, 24, 26, 33]",64,64,9,251,0.035856573705179286,252,251,half_filled_sector,0.5,False,0,0,0.9883009915095016,27.562616540987207,0.9999623238778578,27.8878381437047,0.03233236354767974,0.9017136944964015,paper-run-scaling-u1_rzxy-n10-s2
iris01,u1_rzxy,2,6,3,1,10000,"[16, 24, 26, 33]",64,64,5,19,0.2631578947368421,20,8,half_filled_sector,0.5,True,392,3920000,0.9513860973801169,3.6152671700444445,0.9900398557938668,3.762151452016694,0.23876416876147039,0.9073038412935875,paper-run-finite-iris01-u1_rzxy-q10000-s2
iris01,su2_haar,1,6,3,1,,"[18, 23, 29, 30]",64,64,6,63,0.09523809523809523,64,64,full_basis,0.5,False,0,0,0.2761308117246069,2.899373523108373,0.3501113252944574,3.6761689155918025,0.09402793424707202,0.9872933095942563,paper-run-depth-su2_haar-L3-s1
digits01,u1_rzxy,4,6,3,1,,"[3, 9, 10, 15]",64,64,5,19,0.2631578947368421,20,20,half_filled_sector,0.5,False,0,0,0.9603732893406741,3.649418499494562,0.96990067929369,3.685622581316022,0.3332913227777912,1.2665070265556067,paper-run-order-digits01-u1_rzxy-r1-s4
iris01,ryrz_cz,4,6,3,1,,"[3, 9, 10, 15]",64,64,6,63,0.09523809523809523,64,64,full_basis,0.5,False,0,0,0.3408610931865398,3.579041478458668,0.3972655442709869,4.171288214845363,0.10990675905149268,1.1540209700406732,paper-run-primary-a-iris01-ryrz_cz-s4
iris01,u1_rzxy,12,6,3,1,,"[1, 11, 14, 25]",64,64,5,19,0.2631578947368421,20,20,half_filled_sector,0.5,False,0,0,0.9868502839521393,3.7500310790181293,0.9955894398498086,3.783239871429273,0.1009281223761159,0.38352686502924044,paper-run-primary-b-iris01-u1_rzxy-s12
breast_cancer,u1_rzxy,4,6,3,1,,"[3, 9, 10, 15]",64,64,5,19,0.2631578947368421,20,20,half_filled_sector,0.5,False,0,0,0.97562486667254,3.707374493355652,0.9820610295135028,3.731831912151311,0.3265851419045284,1.241023539237208,paper-run-primary-a-breast_cancer-u1_rzxy-s4
iris01,su2_haar,3,6,3,2,,"[15, 33, 34, 40]",64,64,21,63,0.3333333333333333,64,64,full_basis,0.5,False,0,0,0.46169423356087447,1.3850827006826234,0.7789814885406166,2.33694446562185,0.34038682187662306,1.0211604656298692,paper-run-order-iris01-su2_haar-r2-s3
iris01,su2_haar,4,6,3,1,,"[3, 9, 10, 15]",64,64,6,63,0.09523809523809523,64,64,full_basis,0.5,False,0,0,0.29897072775753475,3.139192641454115,0.406540154069152,4.268671617726096,0.10531129789134316,1.1057686278591032,paper-run-scaling-su2_haar-n6-s4
digits01,ryrz_cz,8,6,3,1,,"[18, 28, 31, 44]",64,64,6,63,0.09523809523809523,64,64,full_basis,0.5,False,0,0,0.2748280405496494,2.8856944257713186,0.35538268470818135,3.731518189435904,0.09165100390993773,0.9623355410543463,paper-run-primary-a-digits01-ryrz_cz-s8
wine01,su2_haar,4,6,3,1,,"[3, 9, 10, 15]",64,64,6,63,0.09523809523809523,64,64,full_basis,0.5,False,0,0,0.25802259578349696,2.7092372557267184,0.31734799203382363,3.332153916355148,0.10477891215375586,1.1001785776144366,paper-run-primary-a-wine01-su2_haar-s4
digits01,su2_haar,7,6,3,1,,"[12, 19, 20, 26]",64,64,6,63,0.09523809523809523,64,64,full_basis,0.5,False,0,0,0.21022103618262195,2.2073208799175306,0.2910847706967826,3.0563900923162177,0.10560305319927546,1.1088320585923923,paper-run-primary-a-digits01-su2_haar-s7
breast_cancer,u1_rzxy,3,6,3,1,,"[15, 33, 34, 40]",64,64,5,19,0.2631578947368421,20,20,half_filled_sector,0.5,False,0,0,0.9696089732588115,3.6845140983834836,0.9778182657536534,3.715709409863883,0.2947432624076264,1.1200243971489803,paper-run-primary-a-breast_cancer-u1_rzxy-s3
digits01,u1_rzxy,4,6,3,1,1000,"[3, 9, 10, 15]",64,64,5,19,0.2631578947368421,20,7,half_filled_sector,0.5,True,392,392000,0.760965906771538,2.8916704457318443,0.9378150830327815,3.56369731552457,0.3644647216963967,1.3849659424463077,paper-run-finite-digits01-u1_rzxy-q1000-s4
iris01,ryrz_cz,15,6,3,1,,"[7, 28, 33, 37]",64,64,6,63,0.09523809523809523,64,64,full_basis,0.5,False,0,0,0.43195895639678794,4.535569042166274,0.4649872603830002,4.882366234021502,0.08518901660219064,0.8944846743230017,paper-run-primary-b-iris01-ryrz_cz-s15
iris01,su2_haar,16,6,3,1,,"[14, 24, 34, 40]",64,64,6,63,0.09523809523809523,64,64,full_basis,0.5,False,0,0,0.38854708421872375,4.0797443842966,0.4414175408946296,4.634884179393611,0.0952167110034184,0.9997754655358932,paper-run-primary-b-iris01-su2_haar-s16
iris01,u1_rzxy,17,6,3,1,,"[6, 10, 29, 33]",64,64,5,19,0.2631578947368421,20,20,half_filled_sector,0.5,False,0,0,0.9306902854933659,3.5366230848747904,0.9806751744119439,3.726565662765387,0.43242149731843926,1.6432016898100692,paper-run-primary-b-iris01-u1_rzxy-s17
wine01,ryrz_cz,13,6,3,1,,"[5, 8, 23, 40]",64,64,6,63,0.09523809523809523,64,64,full_basis,0.5,False,0,0,0.27774381253529695,2.9163100316206183,0.3819534234142135,4.0105109458492425,0.10321290306757958,1.0837354822095857,paper-run-primary-b-wine01-ryrz_cz-s13
iris01,su2_cnot,6,6,3,1,,"[10, 21, 25, 32]",64,64,6,63,0.09523809523809523,64,64,full_basis,0.5,False,0,0,0.21903691999347968,2.299887659931537,0.45300154044865326,4.7565161747108595,0.10632178874449377,1.1163787818171846,paper-run-primary-a-iris01-su2_cnot-s6
iris01,u1_rzxy,4,6,3,1,1000,"[3, 9, 10, 15]",64,64,5,19,0.2631578947368421,20,7,half_filled_sector,0.5,True,392,392000,0.8839274432579267,3.3589242843801217,0.967262467288838,3.675597375697585,0.40507507512883867,1.539285285489587,paper-run-finite-iris01-u1_rzxy-q1000-s4
digits01,su2_haar,3,6,3,1,,"[15, 33, 34, 40]",64,64,6,63,0.09523809523809523,64,64,full_basis,0.5,False,0,0,0.16776933959783177,1.7615780657772337,0.26349132614040655,2.7666589244742688,0.08153747752761323,0.8561435140399389,paper-run-primary-a-digits01-su2_haar-s3
iris01,su2_haar,1,10,3,1,,"[18, 23, 29, 30]",64,64,10,1023,0.009775171065493646,1024,1024,full_basis,0.5,False,0,0,0.15404473619450837,15.758776512698207,0.3187530395285776,32.608435943773486,0.009121583299407461,0.9331379715293833,paper-run-scaling-su2_haar-n10-s1
iris01,u1_rzxy,15,6,3,1,,"[7, 28, 33, 37]",64,64,5,19,0.2631578947368421,20,20,half_filled_sector,0.5,False,0,0,0.9297058118537359,3.5328820850441964,0.9788723552060491,3.7197149497829867,0.23874420269676055,0.9072279702476902,paper-run-primary-b-iris01-u1_rzxy-s15
iris01,u1_rzxy,3,6,3,1,,"[15, 33, 34, 40]",64,64,5,19,0.2631578947368421,20,20,half_filled_sector,0.5,False,0,0,0.9773142804755456,3.7137942658070733,0.9927173508939989,3.7723259333971964,0.27602010976315716,1.0488764170999973,paper-run-scaling-u1_rzxy-n6-s3
iris01,su2_haar,4,6,5,1,,"[3, 9, 10, 15]",64,64,6,63,0.09523809523809523,64,64,full_basis,0.5,False,0,0,0.2335212840199931,2.4519734822099277,0.3202567352405834,3.362695720026126,0.10219421050464797,1.0730392102988038,paper-run-depth-su2_haar-L5-s4
iris01,su2_haar,17,6,3,1,,"[6, 10, 29, 33]",64,64,6,63,0.09523809523809523,64,64,full_basis,0.5,False,0,0,0.2362365068935554,2.480483322382332,0.322631133689102,3.3876269037355713,0.11593365066412287,1.2173033319732902,paper-run-primary-b-iris01-su2_haar-s17
iris01,u1_rzxy,7,6,3,1,,"[12, 19, 20, 26]",64,64,5,19,0.2631578947368421,20,20,half_filled_sector,0.5,False,0,0,0.981948130798256,3.731402897033373,0.9898836339163484,3.761557808882124,0.41473675488783446,1.575999668573771,paper-run-primary-a-iris01-u1_rzxy-s7
digits01,su2_haar,14,6,3,1,,"[6, 18, 35, 36]",64,64,6,63,0.09523809523809523,64,64,full_basis,0.5,False,0,0,0.2014517799248418,2.115243689210839,0.29014334602457825,3.046505133258072,0.10087573948385478,1.0591952645804752,paper-run-primary-b-digits01-su2_haar-s14
breast_cancer,u1_rzxy,12,6,3,1,,"[1, 11, 14, 25]",64,64,5,19,0.2631578947368421,20,20,half_filled_sector,0.5,False,0,0,0.9746909941432434,3.7038257777443255,0.981733676311216,3.730587969982621,0.10686255507317324,0.40607770927805836,paper-run-primary-b-breast_cancer-u1_rzxy-s12
digits01,u1_rzxy,1,6,3,1,,"[18, 23, 29, 30]",64,64,5,19,0.2631578947368421,20,20,half_filled_sector,0.5,False,0,0,0.9734120670848603,3.698965854922469,0.9856421730732176,3.745440257678227,0.10284061727520008,0.3907943456457603,paper-run-order-digits01-u1_rzxy-r1-s1
digits01,su2_haar,3,6,3,1,,"[15, 33, 34, 40]",64,64,6,63,0.09523809523809523,64,64,full_basis,0.5,False,0,0,0.16776933959783177,1.7615780657772337,0.26349132614040655,2.7666589244742688,0.08153747752761323,0.8561435140399389,paper-run-order-digits01-su2_haar-r1-s3
iris01,su2_cnot,16,6,3,1,,"[14, 24, 34, 40]",64,64,6,63,0.09523809523809523,64,64,full_basis,0.5,False,0,0,0.18989333237274136,1.9938799899137845,0.44268059358025413,4.648146232592668,0.0953767100449803,1.0014554554722932,paper-run-primary-b-iris01-su2_cnot-s16
iris01,u1_rzxy,4,6,5,1,,"[3, 9, 10, 15]",64,64,5,19,0.2631578947368421,20,20,half_filled_sector,0.5,False,0,0,0.9834229634995658,3.7370072612983503,0.9916755712244032,3.7683671706527324,0.4057216239751239,1.5417421711054708,paper-run-depth-u1_rzxy-L5-s4
iris01,su2_cnot,2,6,3,1,,"[16, 24, 26, 33]",64,64,6,63,0.09523809523809523,64,64,full_basis,0.5,False,0,0,0.1874530653449729,1.9682571861222158,0.39756211763532046,4.174402235170865,0.08796374580085065,0.9236193309089318,paper-run-primary-a-iris01-su2_cnot-s2
breast_cancer,ryrz_cz,18,6,3,1,,"[0, 9, 25, 30]",64,64,6,63,0.09523809523809523,64,64,full_basis,0.5,False,0,0,0.34209833559118286,3.59203252370742,0.422779980850832,4.439189798933737,0.08916624559303318,0.9362455787268484,paper-run-primary-b-breast_cancer-ryrz_cz-s18
digits01,u1_rzxy,14,6,3,1,,"[6, 18, 35, 36]",64,64,5,19,0.2631578947368421,20,20,half_filled_sector,0.5,False,0,0,0.9865325102573609,3.7488235389779714,0.9946689890039526,3.7797421582150204,0.40922811736175685,1.5550668459746761,paper-run-primary-b-digits01-u1_rzxy-s14
wine01,su2_cnot,3,6,3,1,,"[15, 33, 34, 40]",64,64,6,63,0.09523809523809523,64,64,full_basis,0.5,False,0,0,0.2023312000964545,2.124477601012772,0.3092490950527512,3.247115498053888,0.09461324993510536,0.9934391243186064,paper-run-primary-a-wine01-su2_cnot-s3
wine01,su2_cnot,17,6,3,1,,"[6, 10, 29, 33]",64,64,6,63,0.09523809523809523,64,64,full_basis,0.5,False,0,0,0.16943779664285052,1.7790968647499306,0.2771885339713396,2.9104796066990657,0.10061236270519833,1.0564298084045824,paper-run-primary-b-wine01-su2_cnot-s17
wine01,u1_rzxy,1,6,3,1,,"[18, 23, 29, 30]",64,64,5,19,0.2631578947368421,20,20,half_filled_sector,0.5,False,0,0,0.976179793518499,3.7094832153702963,0.9899807909382641,3.7619270055654037,0.09498221406492396,0.36093241344671106,paper-run-primary-a-wine01-u1_rzxy-s1
iris01,u1_rzxy,1,4,3,1,,"[18, 23, 29, 30]",64,64,3,5,0.6,6,6,half_filled_sector,0.5,False,0,0,0.9973364990473028,1.6622274984121714,0.99778770743745,1.66297951239575,0.8027895087743032,1.3379825146238387,paper-run-scaling-u1_rzxy-n4-s1
digits01,u1_rzxy,3,6,3,1,1000,"[15, 33, 34, 40]",64,64,5,19,0.2631578947368421,20,6,half_filled_sector,0.5,True,392,392000,0.8363752050054754,3.1782257790208064,0.9343511390885518,3.550534328536497,0.2966458261245237,1.1272541392731903,paper-run-finite-digits01-u1_rzxy-q1000-s3
breast_cancer,ryrz_cz,12,6,3,1,,"[1, 11, 14, 25]",64,64,6,63,0.09523809523809523,64,64,full_basis,0.5,False,0,0,0.40338045835112635,4.235494812686827,0.47305948905668416,4.967124635095184,0.09916746807694515,1.0412584148079242,paper-run-primary-b-breast_cancer-ryrz_cz-s12
digits01,u1_rzxy,2,6,3,1,1000,"[16, 24, 26, 33]",64,64,5,19,0.2631578947368421,20,6,half_filled_sector,0.5,True,392,392000,0.7800560244039492,2.964212892735007,0.9266157081669726,3.521139691034496,0.2564505308260116,0.9745120171388442,paper-run-finite-digits01-u1_rzxy-q1000-s2
iris01,ryrz_cz,17,6,3,1,,"[6, 10, 29, 33]",64,64,6,63,0.09523809523809523,64,64,full_basis,0.5,False,0,0,0.40589883534165794,4.261937771087409,0.44540132479440747,4.676713910341279,0.08186527991635212,0.8595854391216973,paper-run-primary-b-iris01-ryrz_cz-s17
wine01,su2_haar,10,6,3,1,,"[4, 14, 19, 38]",64,64,6,63,0.09523809523809523,64,64,full_basis,0.5,False,0,0,0.1729251461557471,1.8157140346353449,0.3238467675702323,3.4003910594874394,0.09387937416453457,0.985733428727613,paper-run-primary-b-wine01-su2_haar-s10
iris01,u1_rzxy,3,6,3,1,,"[15, 33, 34, 40]",64,64,5,19,0.2631578947368421,20,20,half_filled_sector,0.5,False,0,0,0.9773142804755454,3.7137942658070724,0.992717350893999,3.7723259333971964,0.2760201097631573,1.0488764170999978,paper-run-order-iris01-u1_rzxy-r1-s3
breast_cancer,ryrz_cz,8,6,3,1,,"[18, 28, 31, 44]",64,64,6,63,0.09523809523809523,64,64,full_basis,0.5,False,0,0,0.24968435568098818,2.621685734650376,0.31398731364728155,3.2968667932964566,0.07405522456638278,0.7775798579470192,paper-run-primary-a-breast_cancer-ryrz_cz-s8
breast_cancer,u1_rzxy,16,6,3,1,,"[14, 24, 34, 40]",64,64,5,19,0.2631578947368421,20,20,half_filled_sector,0.5,False,0,0,0.9359433278027129,3.556584645650309,0.958436540054509,3.642058852207134,0.4082848602743994,1.5514824690427178,paper-run-primary-b-breast_cancer-u1_rzxy-s16
iris01,su2_haar,18,6,3,1,,"[0, 9, 25, 30]",64,64,6,63,0.09523809523809523,64,64,full_basis,0.5,False,0,0,0.20888179239895904,2.19325882018907,0.3796905068026756,3.9867503214280937,0.07423472965646352,0.7794646613928671,paper-run-primary-b-iris01-su2_haar-s18
iris01,u1_rzxy,4,6,3,1,,"[3, 9, 10, 15]",64,64,5,19,0.2631578947368421,20,20,half_filled_sector,0.5,False,0,0,0.9932720578876675,3.7744338199731367,0.9954911402295608,3.782866332872331,0.391297754002921,1.4869314652110999,paper-run-order-iris01-u1_rzxy-r1-s4
iris01,u1_rzxy,9,6,3,1,,"[14, 34, 38, 42]",64,64,5,19,0.2631578947368421,20,20,half_filled_sector,0.5,False,0,0,0.9811649220357985,3.7284267037360346,0.9978315855359321,3.791760025036542,0.28755332198381633,1.0927026235385022,paper-run-primary-a-iris01-u1_rzxy-s9
iris01,su2_haar,3,8,3,1,,"[15, 33, 34, 40]",64,64,8,255,0.03137254901960784,256,256,full_basis,0.5,False,0,0,0.2089120072965848,6.659070232578641,0.353949045663533,11.282125830525116,0.03111584911413676,0.9918176905131092,paper-run-scaling-su2_haar-n8-s3
wine01,ryrz_cz,3,6,3,1,,"[15, 33, 34, 40]",64,64,6,63,0.09523809523809523,64,64,full_basis,0.5,False,0,0,0.2585400325794201,2.7146703420839113,0.38556189384781425,4.04839988540205,0.09473875590546092,0.9947569370073397,paper-run-primary-a-wine01-ryrz_cz-s3
breast_cancer,ryrz_cz,16,6,3,1,,"[14, 24, 34, 40]",64,64,6,63,0.09523809523809523,64,64,full_basis,0.5,False,0,0,0.22819687384721454,2.396067175395753,0.3473778195388485,3.6474671051579093,0.10215585139463204,1.0726364396436365,paper-run-primary-b-breast_cancer-ryrz_cz-s16
iris01,su2_haar,4,6,3,2,,"[3, 9, 10, 15]",64,64,21,63,0.3333333333333333,64,64,full_basis,0.5,False,0,0,0.5736925612314108,1.7210776836942323,0.8367712354461816,2.510313706338545,0.30685773968165864,0.9205732190449759,paper-run-order-iris01-su2_haar-r2-s4
breast_cancer,ryrz_cz,11,6,3,1,,"[5, 9, 14, 30]",64,64,6,63,0.09523809523809523,64,64,full_basis,0.5,False,0,0,0.3491975313539986,3.6665740792169856,0.44242153678315005,4.645426136223076,0.10671523366161738,1.1205099534469825,paper-run-primary-b-breast_cancer-ryrz_cz-s11
iris01,u1_rzxy,2,4,3,1,,"[16, 24, 26, 33]",64,64,3,5,0.6,6,6,half_filled_sector,0.5,False,0,0,0.9999653676696769,1.6666089461161282,0.9999688127235942,1.666614687872657,0.8260312383041857,1.3767187305069761,paper-run-scaling-u1_rzxy-n4-s2
digits01,u1_rzxy,18,6,3,1,,"[0, 9, 25, 30]",64,64,5,19,0.2631578947368421,20,20,half_filled_sector,0.5,False,0,0,0.9459871346124706,3.5947511115273887,0.9542703081843167,3.6262271711004037,0.23242471108256202,0.8832139021137357,paper-run-primary-b-digits01-u1_rzxy-s18
digits01,ryrz_cz,10,6,3,1,,"[4, 14, 19, 38]",64,64,6,63,0.09523809523809523,64,64,full_basis,0.5,False,0,0,0.338615579012372,3.5554635796299063,0.422592936743369,4.437225835805375,0.08915256189229172,0.9361018998690631,paper-run-primary-b-digits01-ryrz_cz-s10
wine01,u1_rzxy,0,6,3,1,,"[1, 3, 11, 20]",64,64,5,19,0.2631578947368421,20,20,half_filled_sector,0.5,False,0,0,0.9499199459769277,3.6096957947123256,0.9537895326808636,3.624400224187282,0.3296620434532092,1.252715765122195,paper-run-primary-a-wine01-u1_rzxy-s0
iris01,su2_cnot,4,6,3,1,,"[3, 9, 10, 15]",64,64,6,63,0.09523809523809523,64,64,full_basis,0.5,False,0,0,0.20427370939571424,2.1448739486549995,0.43606782611587813,4.5787121742167205,0.08040647269110998,0.8442679632566549,paper-run-primary-a-iris01-su2_cnot-s4
wine01,u1_rzxy,7,6,3,1,,"[12, 19, 20, 26]",64,64,5,19,0.2631578947368421,20,20,half_filled_sector,0.5,False,0,0,0.9738666135079019,3.7006931313300275,0.979168237170445,3.720839301247691,0.3736364565332944,1.4198185348265189,paper-run-primary-a-wine01-u1_rzxy-s7
digits01,su2_haar,0,6,3,1,,"[1, 3, 11, 20]",64,64,6,63,0.09523809523809523,64,64,full_basis,0.5,False,0,0,0.19601377480214519,2.0581446354225243,0.2804847725512372,2.945090111787991,0.08613353741828125,0.9044021428919532,paper-run-primary-a-digits01-su2_haar-s0
digits01,u1_rzxy,0,6,3,1,1000,"[1, 3, 11, 20]",64,64,5,19,0.2631578947368421,20,6,half_filled_sector,0.5,True,392,392000,0.7710193292461863,2.9298734511355082,0.946810631821265,3.597880400920807,0.3572685637627553,1.3576205422984702,paper-run-finite-digits01-u1_rzxy-q1000-s0
iris01,su2_cnot,12,6,3,1,,"[1, 11, 14, 25]",64,64,6,63,0.09523809523809523,64,64,full_basis,0.5,False,0,0,0.1859293948690036,1.9522586461245377,0.4165205881271443,4.3734661753350155,0.1079645741996616,1.1336280290964469,paper-run-primary-b-iris01-su2_cnot-s12
iris01,ryrz_cz,14,6,3,1,,"[6, 18, 35, 36]",64,64,6,63,0.09523809523809523,64,64,full_basis,0.5,False,0,0,0.44508077132132934,4.673348098873959,0.5326471515983175,5.592795091782334,0.09490273763347888,0.9964787451515283,paper-run-primary-b-iris01-ryrz_cz-s14
iris01,su2_cnot,17,6,3,1,,"[6, 10, 29, 33]",64,64,6,63,0.09523809523809523,64,64,full_basis,0.5,False,0,0,0.23857147301881199,2.505000466697526,0.36352655960140456,3.817028875814748,0.09095879771900611,0.9550673760495643,paper-run-primary-b-iris01-su2_cnot-s17
digits01,su2_haar,6,6,3,1,,"[10, 21, 25, 32]",64,64,6,63,0.09523809523809523,64,64,full_basis,0.5,False,0,0,0.1938964112389469,2.0359123180089425,0.29240862384334665,3.07029055035514,0.09557622498905691,1.0035503623850976,paper-run-primary-a-digits01-su2_haar-s6
iris01,su2_haar,3,6,3,1,1000,"[15, 33, 34, 40]",64,64,6,63,0.09523809523809523,64,64,full_basis,0.5,True,440,440000,0.17448591410611625,1.8321020981142206,0.30854121334791007,3.239682740153056,0.0914238857292875,0.9599508001575188,paper-run-finite-iris01-su2_haar-q1000-s3
iris01,su2_haar,2,6,3,1,1000,"[16, 24, 26, 33]",64,64,6,63,0.09523809523809523,64,64,full_basis,0.5,True,440,440000,0.24324762124521446,2.554100023074752,0.33375818313235606,3.5044609228897388,0.10774997847040224,1.1313747739392237,paper-run-finite-iris01-su2_haar-q1000-s2
breast_cancer,su2_haar,4,6,3,1,,"[3, 9, 10, 15]",64,64,6,63,0.09523809523809523,64,64,full_basis,0.5,False,0,0,0.2158993671142927,2.2669433547000732,0.3215506410270641,3.3762817307841733,0.0977268300810544,1.0261317158510712,paper-run-primary-a-breast_cancer-su2_haar-s4
iris01,su2_haar,0,6,1,1,,"[1, 3, 11, 20]",64,64,6,63,0.09523809523809523,64,64,full_basis,0.5,False,0,0,0.417218950461536,4.380798979846128,0.5560128482269895,5.83813490638339,0.07320691158089876,0.768672571599437,paper-run-depth-su2_haar-L1-s0
digits01,su2_haar,4,6,3,1,1000,"[3, 9, 10, 15]",64,64,6,63,0.09523809523809523,64,64,full_basis,0.5,True,440,440000,0.25192873864829013,2.6452517558070463,0.3060219062799514,3.21323001593949,0.10755986119286512,1.1293785425250837,paper-run-finite-digits01-su2_haar-q1000-s4
iris01,u1_rzxy,1,6,3,1,,"[18, 23, 29, 30]",64,64,5,19,0.2631578947368421,20,20,half_filled_sector,0.5,False,0,0,0.9815060194709446,3.72972287398959,0.9946426390232321,3.7796420282882823,0.08669300755062348,0.32943342869236925,paper-run-primary-a-iris01-u1_rzxy-s1
wine01,ryrz_cz,4,6,3,1,,"[3, 9, 10, 15]",64,64,6,63,0.09523809523809523,64,64,full_basis,0.5,False,0,0,0.18525919735567614,1.9452215722345996,0.30416313946855,3.1937129644197753,0.10012332373148626,1.0512948991806057,paper-run-primary-a-wine01-ryrz_cz-s4
digits01,su2_haar,9,6,3,1,,"[14, 34, 38, 42]",64,64,6,63,0.09523809523809523,64,64,full_basis,0.5,False,0,0,0.2298713624397459,2.4136493056173323,0.3040915379511454,3.192961148487027,0.08365879197258082,0.8784173157120987,paper-run-primary-a-digits01-su2_haar-s9
iris01,u1_rzxy,2,6,3,1,,"[16, 24, 26, 33]",64,64,5,19,0.2631578947368421,20,20,half_filled_sector,0.5,False,0,0,0.992810734543061,3.772680791263632,0.9992199166008795,3.7970356830833425,0.24044036023337967,0.9136733688868428,paper-run-depth-u1_rzxy-L3-s2
breast_cancer,su2_cnot,5,6,3,1,,"[2, 33, 36, 38]",64,64,6,63,0.09523809523809523,64,64,full_basis,0.5,False,0,0,0.20937998272183667,2.198489818579285,0.33359722775892087,3.5027708914686695,0.09050397779444944,0.9502917668417191,paper-run-primary-a-breast_cancer-su2_cnot-s5
digits01,su2_haar,3,6,3,1,10000,"[15, 33, 34, 40]",64,64,6,63,0.09523809523809523,64,64,full_basis,0.5,True,440,4400000,0.16633997504091041,1.7465697379295595,0.26342661860461325,2.7659794953484393,0.08179590633870659,0.8588570165564192,paper-run-finite-digits01-su2_haar-q10000-s3
iris01,u1_rzxy,3,6,5,1,,"[15, 33, 34, 40]",64,64,5,19,0.2631578947368421,20,20,half_filled_sector,0.5,False,0,0,0.9879570759728109,3.7542368886966817,0.9946172051905122,3.7795453797239467,0.26024371072049135,0.9889261007378671,paper-run-depth-u1_rzxy-L5-s3
breast_cancer,su2_cnot,12,6,3,1,,"[1, 11, 14, 25]",64,64,6,63,0.09523809523809523,64,64,full_basis,0.5,False,0,0,0.2254621458013745,2.3673525309144323,0.37918942403617933,3.981488952379883,0.10070741147060064,1.0574278204413068,paper-run-primary-b-breast_cancer-su2_cnot-s12
iris01,ryrz_cz,10,6,3,1,,"[4, 14, 19, 38]",64,64,6,63,0.09523809523809523,64,64,full_basis,0.5,False,0,0,0.516842670582087,5.4268480411119135,0.5475922142233445,5.7497182493451175,0.08322405331640786,0.8738525598222826,paper-run-primary-b-iris01-ryrz_cz-s10
iris01,u1_rzxy,1,6,3,1,10000,"[18, 23, 29, 30]",64,64,5,19,0.2631578947368421,20,8,half_filled_sector,0.5,True,392,3920000,0.9266395082866365,3.521230131489219,0.9808940786888904,3.727397499017784,0.08507294120113548,0.32327717656431487,paper-run-finite-iris01-u1_rzxy-q10000-s1
digits01,u1_rzxy,13,6,3,1,,"[5, 8, 23, 40]",64,64,5,19,0.2631578947368421,20,20,half_filled_sector,0.5,False,0,0,0.9828571053031044,3.734857000151797,0.9937762619344706,3.7763497953509884,0.37110183171877587,1.4101869605313484,paper-run-primary-b-digits01-u1_rzxy-s13
digits01,su2_haar,1,6,3,1,1000,"[18, 23, 29, 30]",64,64,6,63,0.09523809523809523,64,64,full_basis,0.5,True,440,440000,0.22514896144625746,2.3640640951857033,0.32678333713384855,3.43122503990541,0.09267259361613638,0.973062232969432,paper-run-finite-digits01-su2_haar-q1000-s1
breast_cancer,ryrz_cz,14,6,3,1,,"[6, 18, 35, 36]",64,64,6,63,0.09523809523809523,64,64,full_basis,0.5,False,0,0,0.38964760515819835,4.0912998541610825,0.454937340067842,4.776842070712341,0.10801196741971539,1.1341256579070116,paper-run-primary-b-breast_cancer-ryrz_cz-s14
digits01,ryrz_cz,6,6,3,1,,"[10, 21, 25, 32]",64,64,6,63,0.09523809523809523,64,64,full_basis,0.5,False,0,0,0.2655205672239285,2.7879659558512495,0.416634669641356,4.374664031234238,0.07574961314735797,0.7953709380472587,paper-run-primary-a-digits01-ryrz_cz-s6
wine01,su2_haar,7,6,3,1,,"[12, 19, 20, 26]",64,64,6,63,0.09523809523809523,64,64,full_basis,0.5,False,0,0,0.21061301731664855,2.21143668182481,0.33787420063087864,3.547679106624226,0.0973757893953292,1.0224457886509568,paper-run-primary-a-wine01-su2_haar-s7
breast_cancer,su2_haar,11,6,3,1,,"[5, 9, 14, 30]",64,64,6,63,0.09523809523809523,64,64,full_basis,0.5,False,0,0,0.20750442550476483,2.178796467800031,0.3007259655289777,3.157622638054266,0.09909683624833385,1.0405167806075055,paper-run-primary-b-breast_cancer-su2_haar-s11
iris01,su2_haar,4,6,3,1,10000,"[3, 9, 10, 15]",64,64,6,63,0.09523809523809523,64,64,full_basis,0.5,True,440,4400000,0.2953122148866826,3.1007782563101673,0.40072540660949046,4.2076167693996505,0.10476144943860705,1.0999952191053741,paper-run-finite-iris01-su2_haar-q10000-s4
digits01,u1_rzxy,4,6,3,1,10000,"[3, 9, 10, 15]",64,64,5,19,0.2631578947368421,20,10,half_filled_sector,0.5,True,392,3920000,0.8736104985539176,3.319719894504887,0.96514810941337,3.6675628157708062,0.33936972383332376,1.2896049505666303,paper-run-finite-digits01-u1_rzxy-q10000-s4
digits01,su2_haar,8,6,3,1,,"[18, 28, 31, 44]",64,64,6,63,0.09523809523809523,64,64,full_basis,0.5,False,0,0,0.2391190221355317,2.510749732423083,0.3266347280122506,3.429664644128631,0.10207545555272124,1.0717922833035731,paper-run-primary-a-digits01-su2_haar-s8
iris01,u1_rzxy,0,6,3,1,,"[1, 3, 11, 20]",64,64,5,19,0.2631578947368421,20,20,half_filled_sector,0.5,False,0,0,0.9893838620262705,3.759658675699828,0.9936129326320442,3.775729144001768,0.38060668474801174,1.4463054020424446,paper-run-scaling-u1_rzxy-n6-s0
wine01,su2_haar,8,6,3,1,,"[18, 28, 31, 44]",64,64,6,63,0.09523809523809523,64,64,full_basis,0.5,False,0,0,0.26088635271787797,2.7393067035377188,0.3588297934089182,3.767712830793641,0.09214798617006521,0.9675538547856848,paper-run-primary-a-wine01-su2_haar-s8
digits01,u1_rzxy,3,6,3,2,,"[15, 33, 34, 40]",64,64,14,19,0.7368421052631579,20,20,half_filled_sector,0.5,False,0,0,0.9999998549871146,1.3571426603396557,0.999999983896954,1.3571428352887234,0.7666283775318107,1.0404242266503145,paper-run-order-digits01-u1_rzxy-r2-s3
iris01,su2_haar,2,6,3,1,,"[16, 24, 26, 33]",64,64,6,63,0.09523809523809523,64,64,full_basis,0.5,False,0,0,0.26177998885052434,2.7486898829305058,0.3583929345881242,3.7631258131753045,0.11268973407738683,1.1832422078125617,paper-run-depth-su2_haar-L3-s2
iris01,u1_rzxy,1,6,3,1,,"[18, 23, 29, 30]",64,64,5,19,0.2631578947368421,20,20,half_filled_sector,0.5,False,0,0,0.9815060194709446,3.72972287398959,0.9946426390232321,3.7796420282882823,0.08669300755062348,0.32943342869236925,paper-run-depth-u1_rzxy-L3-s1
breast_cancer,u1_rzxy,13,6,3,1,,"[5, 8, 23, 40]",64,64,5,19,0.2631578947368421,20,20,half_filled_sector,0.5,False,0,0,0.9809496203085415,3.727608557172458,0.9904629737386271,3.7637593002067833,0.36713039965170696,1.3950955186764866,paper-run-primary-b-breast_cancer-u1_rzxy-s13
iris01,u1_rzxy,0,10,3,1,,"[1, 3, 11, 20]",64,64,9,251,0.035856573705179286,252,251,half_filled_sector,0.5,False,0,0,0.9900279194095036,27.610778641309487,0.9995383029645706,27.876012671567466,0.046881802276158666,1.307481374590647,paper-run-scaling-u1_rzxy-n10-s0
digits01,ryrz_cz,11,6,3,1,,"[5, 9, 14, 30]",64,64,6,63,0.09523809523809523,64,64,full_basis,0.5,False,0,0,0.27145577196518067,2.8502856056343973,0.36973845737204736,3.8822538024064976,0.10782842755798987,1.1321984893588937,paper-run-primary-b-digits01-ryrz_cz-s11
digits01,su2_haar,4,6,3,1,,"[3, 9, 10, 15]",64,64,6,63,0.09523809523809523,64,64,full_basis,0.5,False,0,0,0.2689004019649884,2.823454220632378,0.3210352555371212,3.3708701831397727,0.10961316861821263,1.1509382704912328,paper-run-primary-a-digits01-su2_haar-s4
iris01,u1_rzxy,0,6,1,1,,"[1, 3, 11, 20]",64,64,5,19,0.2631578947368421,20,19,half_filled_sector,0.5,False,0,0,0.9888622110298515,3.757676401913436,0.996408955498681,3.786354030894988,0.4075244507059008,1.5485929126824232,paper-run-depth-u1_rzxy-L1-s0
iris01,u1_rzxy,6,6,3,1,,"[10, 21, 25, 32]",64,64,5,19,0.2631578947368421,20,20,half_filled_sector,0.5,False,0,0,0.9882579929230302,3.755380373107515,0.9988432980728975,3.795604532677011,0.2826577580717642,1.074099480672704,paper-run-primary-a-iris01-u1_rzxy-s6
wine01,su2_cnot,0,6,3,1,,"[1, 3, 11, 20]",64,64,6,63,0.09523809523809523,64,64,full_basis,0.5,False,0,0,0.18327205548648545,1.9243565826080973,0.31076067056987067,3.262987040983642,0.0870605971588228,0.9141362701676395,paper-run-primary-a-wine01-su2_cnot-s0
wine01,ryrz_cz,16,6,3,1,,"[14, 24, 34, 40]",64,64,6,63,0.09523809523809523,64,64,full_basis,0.5,False,0,0,0.32046995326917915,3.3649345093263814,0.3954618511141128,4.152349436698184,0.10105771834392217,1.061106042611183,paper-run-primary-b-wine01-ryrz_cz-s16
breast_cancer,su2_cnot,11,6,3,1,,"[5, 9, 14, 30]",64,64,6,63,0.09523809523809523,64,64,full_basis,0.5,False,0,0,0.20262753712470147,2.1275891398093654,0.3274372808955054,3.438091449402807,0.1014401197350505,1.0651212572180304,paper-run-primary-b-breast_cancer-su2_cnot-s11
digits01,su2_cnot,13,6,3,1,,"[5, 8, 23, 40]",64,64,6,63,0.09523809523809523,64,64,full_basis,0.5,False,0,0,0.19872019505661714,2.08656204809448,0.3375135538436961,3.543892315358809,0.11587887209181266,1.216728156964033,paper-run-primary-b-digits01-su2_cnot-s13
iris01,su2_haar,0,6,5,1,,"[1, 3, 11, 20]",64,64,6,63,0.09523809523809523,64,64,full_basis,0.5,False,0,0,0.10638533342996635,1.1170460010146468,0.25669990407944,2.69534899283412,0.10796666959027035,1.1336500306978388,paper-run-depth-su2_haar-L5-s0
iris01,ryrz_cz,19,6,3,1,,"[13, 24, 29, 40]",64,64,6,63,0.09523809523809523,64,64,full_basis,0.5,False,0,0,0.38672650662738883,4.060628319587583,0.404418571081275,4.246394996353388,0.08014246067556136,0.8414958370933943,paper-run-primary-b-iris01-ryrz_cz-s19
iris01,ryrz_cz,16,6,3,1,,"[14, 24, 34, 40]",64,64,6,63,0.09523809523809523,64,64,full_basis,0.5,False,0,0,0.40483221400284936,4.250738247029918,0.4825541035973776,5.066818087772465,0.10996425785336349,1.1546247074603166,paper-run-primary-b-iris01-ryrz_cz-s16
iris01,u1_rzxy,2,6,5,1,,"[16, 24, 26, 33]",64,64,5,19,0.2631578947368421,20,20,half_filled_sector,0.5,False,0,0,0.9898478977019624,3.7614220112674572,0.9982258375492907,3.793258182687305,0.21813939024024856,0.8289296829129446,paper-run-depth-u1_rzxy-L5-s2
iris01,su2_haar,2,8,3,1,,"[16, 24, 26, 33]",64,64,8,255,0.03137254901960784,256,256,full_basis,0.5,False,0,0,0.17437330958023184,5.55814924286989,0.3338685261471841,10.642059270941493,0.029802987843781818,0.9499702375205454,paper-run-scaling-su2_haar-n8-s2
iris01,su2_haar,4,4,3,1,,"[3, 9, 10, 15]",64,64,4,15,0.26666666666666666,16,16,full_basis,0.5,False,0,0,0.26025794918685874,0.9759673094507203,0.4305465587201458,1.6145495952005469,0.30428312163137283,1.1410617061176482,paper-run-scaling-su2_haar-n4-s4
iris01,u1_rzxy,0,4,3,1,,"[1, 3, 11, 20]",64,64,3,5,0.6,6,6,half_filled_sector,0.5,False,0,0,0.9999488079792085,1.6665813466320143,0.9999704608187858,1.6666174346979765,0.5026925777034191,0.837820962839032,paper-run-scaling-u1_rzxy-n4-s0
breast_cancer,u1_rzxy,15,6,3,1,,"[7, 28, 33, 37]",64,64,5,19,0.2631578947368421,20,20,half_filled_sector,0.5,False,0,0,0.9742008796654589,3.7019633427287437,0.9766317267753613,3.711200561746373,0.2789202235040979,1.059896849315572,paper-run-primary-b-breast_cancer-u1_rzxy-s15
iris01,u1_rzxy,5,6,3,1,,"[2, 33, 36, 38]",64,64,5,19,0.2631578947368421,20,20,half_filled_sector,0.5,False,0,0,0.9757964093274241,3.7080263554442117,0.9965921239345306,3.7870500709512163,0.17729534337992447,0.6737223048437131,paper-run-primary-a-iris01-u1_rzxy-s5
iris01,su2_haar,0,6,3,1,,"[1, 3, 11, 20]",64,64,6,63,0.09523809523809523,64,64,full_basis,0.5,False,0,0,0.20431999850671245,2.1453599843204807,0.35404393850405813,3.7174613542926105,0.09123901700358768,0.9580096785376707,paper-run-depth-su2_haar-L3-s0
iris01,u1_rzxy,4,6,3,2,,"[3, 9, 10, 15]",64,64,14,19,0.7368421052631579,20,20,half_filled_sector,0.5,False,0,0,0.9999999906840832,1.3571428444998273,0.9999999977262732,1.3571428540570851,0.7919086604026325,1.0747331819750015,paper-run-order-iris01-u1_rzxy-r2-s4
breast_cancer,u1_rzxy,14,6,3,1,,"[6, 18, 35, 36]",64,64,5,19,0.2631578947368421,20,20,half_filled_sector,0.5,False,0,0,0.9877215646953879,3.753341945842474,0.9948091122611477,3.7802746265923615,0.37102852971273137,1.4099084129083792,paper-run-primary-b-breast_cancer-u1_rzxy-s14
iris01,su2_haar,4,6,1,1,,"[3, 9, 10, 15]",64,64,6,63,0.09523809523809523,64,64,full_basis,0.5,False,0,0,0.5447697676378036,5.720082560196938,0.6856258124032674,7.1990710302343075,0.09392843001837481,0.9862485151929355,paper-run-depth-su2_haar-L1-s4
wine01,su2_haar,5,6,3,1,,"[2, 33, 36, 38]",64,64,6,63,0.09523809523809523,64,64,full_basis,0.5,False,0,0,0.16037948138799768,1.6839845545739758,0.27015787473406305,2.8366576847076623,0.09142215268950829,0.9599326032398371,paper-run-primary-a-wine01-su2_haar-s5
iris01,su2_haar,4,10,3,1,,"[3, 9, 10, 15]",64,64,10,1023,0.009775171065493646,1024,1024,full_basis,0.5,False,0,0,0.22856653142686612,23.382356164968403,0.37148679644348487,38.0030992761685,0.010116949418061403,1.0349639254676815,paper-run-scaling-su2_haar-n10-s4
digits01,ryrz_cz,0,6,3,1,,"[1, 3, 11, 20]",64,64,6,63,0.09523809523809523,64,64,full_basis,0.5,False,0,0,0.28969541748207833,3.041801883561823,0.3735456712629664,3.9222295482611473,0.08717700701628127,0.9153585736709534,paper-run-primary-a-digits01-ryrz_cz-s0
iris01,u1_rzxy,0,6,3,1,,"[1, 3, 11, 20]",64,64,5,19,0.2631578947368421,20,20,half_filled_sector,0.5,False,0,0,0.9893838620262705,3.759658675699828,0.9936129326320442,3.775729144001768,0.38060668474801174,1.4463054020424446,paper-run-order-iris01-u1_rzxy-r1-s0
digits01,su2_cnot,15,6,3,1,,"[7, 28, 33, 37]",64,64,6,63,0.09523809523809523,64,64,full_basis,0.5,False,0,0,0.23782118203544766,2.497122411372201,0.34926347296558646,3.667266466138658,0.09765896008355528,1.0254190808773305,paper-run-primary-b-digits01-su2_cnot-s15
iris01,su2_haar,0,6,3,1,,"[1, 3, 11, 20]",64,64,6,63,0.09523809523809523,64,64,full_basis,0.5,False,0,0,0.20431999850671245,2.1453599843204807,0.35404393850405813,3.7174613542926105,0.09123901700358768,0.9580096785376707,paper-run-primary-a-iris01-su2_haar-s0
iris01,ryrz_cz,5,6,3,1,,"[2, 33, 36, 38]",64,64,6,63,0.09523809523809523,64,64,full_basis,0.5,False,0,0,0.41549205373691883,4.362666564237648,0.4631906971146774,4.863502319704113,0.0759098592301351,0.7970535219164187,paper-run-primary-a-iris01-ryrz_cz-s5
