dataset,family,method,seed,step,loss_before,gradient_norm,direction_norm,parameter_step_norm,metric_refreshed,metric_scale_factor,effective_damping,raw_direction_norm,raw_metric_step_norm,metric_step_norm,trust_region_clipped,clip_scale,source_artifact
iris01,su2_haar,SGD,0,1,1.415689389384036,1.3330332935720046,1.3330332935720046,0.1333033293572004,0,,,1.3330332935720046,,,False,1.0,paper-run-baselines-depth-su2_haar-L5-s0
iris01,su2_haar,SGD,0,2,1.115202660796289,1.109120018182026,1.109120018182026,0.1109120018182026,0,,,1.109120018182026,,,False,1.0,paper-run-baselines-depth-su2_haar-L5-s0
iris01,su2_haar,SGD,0,3,1.4401822857086088,0.9438421985496316,0.9438421985496316,0.0943842198549631,0,,,0.9438421985496316,,,False,1.0,paper-run-baselines-depth-su2_haar-L5-s0
iris01,su2_haar,SGD,0,4,1.2874771585417757,1.0676648884673277,1.0676648884673277,0.1067664888467327,0,,,1.0676648884673277,,,False,1.0,paper-run-baselines-depth-su2_haar-L5-s0
iris01,su2_haar,SGD,0,5,1.3114714515554975,1.5128985544825817,1.5128985544825817,0.1512898554482581,0,,,1.5128985544825817,,,False,1.0,paper-run-baselines-depth-su2_haar-L5-s0
iris01,su2_haar,SGD,0,6,0.8442574942901485,1.036888637519105,1.036888637519105,0.1036888637519105,0,,,1.036888637519105,,,False,1.0,paper-run-baselines-depth-su2_haar-L5-s0
iris01,su2_haar,SGD,0,7,0.970037813359372,0.9350812623962194,0.9350812623962194,0.0935081262396219,0,,,0.9350812623962194,,,False,1.0,paper-run-baselines-depth-su2_haar-L5-s0
iris01,su2_haar,SGD,0,8,1.0900163948118635,0.9238221932708212,0.9238221932708212,0.0923822193270821,0,,,0.9238221932708212,,,False,1.0,paper-run-baselines-depth-su2_haar-L5-s0
iris01,su2_haar,SGD,0,9,1.158873559985055,0.8905072686037371,0.8905072686037371,0.0890507268603737,0,,,0.8905072686037371,,,False,1.0,paper-run-baselines-depth-su2_haar-L5-s0
iris01,su2_haar,SGD,0,10,0.9267893071928416,0.9210914933144714,0.9210914933144714,0.0921091493314471,0,,,0.9210914933144714,,,False,1.0,paper-run-baselines-depth-su2_haar-L5-s0
iris01,su2_haar,SGD,0,11,0.6502484270535058,0.8128091221843514,0.8128091221843514,0.0812809122184351,0,,,0.8128091221843514,,,False,1.0,paper-run-baselines-depth-su2_haar-L5-s0
iris01,su2_haar,SGD,0,12,0.8520625984697159,0.8804589731152559,0.8804589731152559,0.0880458973115256,0,,,0.8804589731152559,,,False,1.0,paper-run-baselines-depth-su2_haar-L5-s0
iris01,su2_haar,SGD,0,13,0.7863092281716847,1.0152104556436452,1.0152104556436452,0.1015210455643645,0,,,1.0152104556436452,,,False,1.0,paper-run-baselines-depth-su2_haar-L5-s0
iris01,su2_haar,SGD,0,14,0.5191036969655357,0.5168798924521945,0.5168798924521945,0.0516879892452194,0,,,0.5168798924521945,,,False,1.0,paper-run-baselines-depth-su2_haar-L5-s0
iris01,su2_haar,SGD,0,15,0.7107881369323783,0.7892025378267775,0.7892025378267775,0.0789202537826777,0,,,0.7892025378267775,,,False,1.0,paper-run-baselines-depth-su2_haar-L5-s0
iris01,su2_haar,SGD,0,16,0.5747140568653136,0.9511496925829628,0.9511496925829628,0.0951149692582963,0,,,0.9511496925829628,,,False,1.0,paper-run-baselines-depth-su2_haar-L5-s0
iris01,su2_haar,SGD,0,17,0.6385207452072852,0.958188002363407,0.958188002363407,0.0958188002363407,0,,,0.958188002363407,,,False,1.0,paper-run-baselines-depth-su2_haar-L5-s0
iris01,su2_haar,SGD,0,18,0.4940110129812309,0.6785890337914366,0.6785890337914366,0.0678589033791436,0,,,0.6785890337914366,,,False,1.0,paper-run-baselines-depth-su2_haar-L5-s0
iris01,su2_haar,SGD,0,19,0.5721131647612281,0.6774248087590159,0.6774248087590159,0.0677424808759016,0,,,0.6774248087590159,,,False,1.0,paper-run-baselines-depth-su2_haar-L5-s0
iris01,su2_haar,SGD,0,20,0.6150091139080218,0.7094283145351146,0.7094283145351146,0.0709428314535114,0,,,0.7094283145351146,,,False,1.0,paper-run-baselines-depth-su2_haar-L5-s0
iris01,su2_haar,Adam,0,1,1.415689389384036,1.3330332935720046,7.745959630212685,0.464757577812761,0,,,7.745959630212685,,,False,1.0,paper-run-baselines-depth-su2_haar-L5-s0
iris01,su2_haar,Adam,0,2,0.9123758571487144,0.9231671731555724,6.304582787405474,0.3782749672443284,0,,,6.304582787405474,,,False,1.0,paper-run-baselines-depth-su2_haar-L5-s0
iris01,su2_haar,Adam,0,3,1.1217509506527057,0.9505061391056244,5.93541550159354,0.3561249300956123,0,,,5.93541550159354,,,False,1.0,paper-run-baselines-depth-su2_haar-L5-s0
iris01,su2_haar,Adam,0,4,0.6630133115845801,0.75664688634356,5.632539563652332,0.3379523738191399,0,,,5.632539563652332,,,False,1.0,paper-run-baselines-depth-su2_haar-L5-s0
iris01,su2_haar,Adam,0,5,0.7626439766662529,1.2360535402083863,5.166530777119046,0.3099918466271427,0,,,5.166530777119046,,,False,1.0,paper-run-baselines-depth-su2_haar-L5-s0
iris01,su2_haar,Adam,0,6,0.7776641508659341,1.2440968826023917,4.214112835057782,0.2528467701034669,0,,,4.214112835057782,,,False,1.0,paper-run-baselines-depth-su2_haar-L5-s0
iris01,su2_haar,Adam,0,7,0.7125187039940168,0.8517810404539823,3.923575279274353,0.2354145167564611,0,,,3.923575279274353,,,False,1.0,paper-run-baselines-depth-su2_haar-L5-s0
iris01,su2_haar,Adam,0,8,0.6945322582010591,0.8997424326209569,3.8460731962725063,0.2307643917763503,0,,,3.8460731962725063,,,False,1.0,paper-run-baselines-depth-su2_haar-L5-s0
iris01,su2_haar,Adam,0,9,0.6367623905679021,0.6976756103127038,3.5008498169119635,0.2100509890147178,0,,,3.5008498169119635,,,False,1.0,paper-run-baselines-depth-su2_haar-L5-s0
iris01,su2_haar,Adam,0,10,0.4398086987979059,0.5195647949278112,3.3855099031577587,0.2031305941894655,0,,,3.3855099031577587,,,False,1.0,paper-run-baselines-depth-su2_haar-L5-s0
iris01,su2_haar,Adam,0,11,0.4477946764168311,0.6761501285213892,3.228890201246056,0.1937334120747633,0,,,3.228890201246056,,,False,1.0,paper-run-baselines-depth-su2_haar-L5-s0
iris01,su2_haar,Adam,0,12,0.7057041448606277,1.0524961548797562,3.091216080585312,0.1854729648351187,0,,,3.091216080585312,,,False,1.0,paper-run-baselines-depth-su2_haar-L5-s0
iris01,su2_haar,Adam,0,13,0.3238108099733374,0.6784938806298055,2.736198118174021,0.1641718870904412,0,,,2.736198118174021,,,False,1.0,paper-run-baselines-depth-su2_haar-L5-s0
iris01,su2_haar,Adam,0,14,0.4602773748593828,0.6988072029429162,2.6617922258400863,0.1597075335504051,0,,,2.6617922258400863,,,False,1.0,paper-run-baselines-depth-su2_haar-L5-s0
iris01,su2_haar,Adam,0,15,0.2908134528037486,0.4632165518801527,2.3981117893267965,0.1438867073596078,0,,,2.3981117893267965,,,False,1.0,paper-run-baselines-depth-su2_haar-L5-s0
iris01,su2_haar,Adam,0,16,0.3576248738255205,0.7989859459823305,2.2504634175779787,0.1350278050546787,0,,,2.2504634175779787,,,False,1.0,paper-run-baselines-depth-su2_haar-L5-s0
iris01,su2_haar,Adam,0,17,0.1877934785881994,0.3904229078339591,2.088517522920997,0.1253110513752598,0,,,2.088517522920997,,,False,1.0,paper-run-baselines-depth-su2_haar-L5-s0
iris01,su2_haar,Adam,0,18,0.3209300431708138,0.6036345939485452,2.086328633729494,0.1251797180237696,0,,,2.086328633729494,,,False,1.0,paper-run-baselines-depth-su2_haar-L5-s0
iris01,su2_haar,Adam,0,19,0.2963522846287081,0.4718631321008844,2.141550910358287,0.1284930546214972,0,,,2.141550910358287,,,False,1.0,paper-run-baselines-depth-su2_haar-L5-s0
iris01,su2_haar,Adam,0,20,0.1854061624285919,0.3738235248245427,2.0709214863462826,0.1242552891807769,0,,,2.0709214863462826,,,False,1.0,paper-run-baselines-depth-su2_haar-L5-s0
iris01,su2_haar,SGD,1,1,0.8746912413537367,1.6150815740136697,1.6150815740136697,0.1615081574013669,0,,,1.6150815740136697,,,False,1.0,paper-run-baselines-depth-su2_haar-L5-s1
iris01,su2_haar,SGD,1,2,1.8089174147224008,1.853648201854596,1.853648201854596,0.1853648201854595,0,,,1.853648201854596,,,False,1.0,paper-run-baselines-depth-su2_haar-L5-s1
iris01,su2_haar,SGD,1,3,1.4532363101930652,1.5590747553995337,1.5590747553995337,0.1559074755399533,0,,,1.5590747553995337,,,False,1.0,paper-run-baselines-depth-su2_haar-L5-s1
iris01,su2_haar,SGD,1,4,1.0809922899616953,1.2280992156586383,1.2280992156586383,0.1228099215658638,0,,,1.2280992156586383,,,False,1.0,paper-run-baselines-depth-su2_haar-L5-s1
iris01,su2_haar,SGD,1,5,1.0494388038691955,1.3618806886261938,1.3618806886261938,0.1361880688626194,0,,,1.3618806886261938,,,False,1.0,paper-run-baselines-depth-su2_haar-L5-s1
iris01,su2_haar,SGD,1,6,0.9850813943748296,1.471620628321572,1.471620628321572,0.1471620628321572,0,,,1.471620628321572,,,False,1.0,paper-run-baselines-depth-su2_haar-L5-s1
iris01,su2_haar,SGD,1,7,0.5990947177001091,0.7498738857426145,0.7498738857426145,0.0749873885742614,0,,,0.7498738857426145,,,False,1.0,paper-run-baselines-depth-su2_haar-L5-s1
iris01,su2_haar,SGD,1,8,0.6788233405854603,1.4298166707009186,1.4298166707009186,0.1429816670700918,0,,,1.4298166707009186,,,False,1.0,paper-run-baselines-depth-su2_haar-L5-s1
iris01,su2_haar,SGD,1,9,0.6022627975257013,0.9727388346974604,0.9727388346974604,0.097273883469746,0,,,0.9727388346974604,,,False,1.0,paper-run-baselines-depth-su2_haar-L5-s1
iris01,su2_haar,SGD,1,10,0.766242664959114,0.9288733233534064,0.9288733233534064,0.0928873323353406,0,,,0.9288733233534064,,,False,1.0,paper-run-baselines-depth-su2_haar-L5-s1
iris01,su2_haar,SGD,1,11,0.4885664913613259,0.697224529775952,0.697224529775952,0.0697224529775952,0,,,0.697224529775952,,,False,1.0,paper-run-baselines-depth-su2_haar-L5-s1
iris01,su2_haar,SGD,1,12,0.3491295138682183,0.6798223085826275,0.6798223085826275,0.0679822308582627,0,,,0.6798223085826275,,,False,1.0,paper-run-baselines-depth-su2_haar-L5-s1
iris01,su2_haar,SGD,1,13,0.3236041032524848,0.5170045469005824,0.5170045469005824,0.0517004546900582,0,,,0.5170045469005824,,,False,1.0,paper-run-baselines-depth-su2_haar-L5-s1
iris01,su2_haar,SGD,1,14,0.4978666836456623,0.5206537230195779,0.5206537230195779,0.0520653723019577,0,,,0.5206537230195779,,,False,1.0,paper-run-baselines-depth-su2_haar-L5-s1
iris01,su2_haar,SGD,1,15,0.3020370676412812,0.5085713572611201,0.5085713572611201,0.050857135726112,0,,,0.5085713572611201,,,False,1.0,paper-run-baselines-depth-su2_haar-L5-s1
iris01,su2_haar,SGD,1,16,0.3467287732658159,0.6640712476146774,0.6640712476146774,0.0664071247614677,0,,,0.6640712476146774,,,False,1.0,paper-run-baselines-depth-su2_haar-L5-s1
iris01,su2_haar,SGD,1,17,0.176181577615029,0.3553521855211611,0.3553521855211611,0.0355352185521161,0,,,0.3553521855211611,,,False,1.0,paper-run-baselines-depth-su2_haar-L5-s1
iris01,su2_haar,SGD,1,18,0.4030267890956838,0.6065342955658877,0.6065342955658877,0.0606534295565887,0,,,0.6065342955658877,,,False,1.0,paper-run-baselines-depth-su2_haar-L5-s1
iris01,su2_haar,SGD,1,19,0.4046159693019877,0.5365812128861147,0.5365812128861147,0.0536581212886114,0,,,0.5365812128861147,,,False,1.0,paper-run-baselines-depth-su2_haar-L5-s1
iris01,su2_haar,SGD,1,20,0.1780821882963866,0.4336142526566316,0.4336142526566316,0.0433614252656631,0,,,0.4336142526566316,,,False,1.0,paper-run-baselines-depth-su2_haar-L5-s1
iris01,su2_haar,Adam,1,1,0.8746912413537367,1.6150815740136697,7.745964127019526,0.4647578476211715,0,,,7.745964127019526,,,False,1.0,paper-run-baselines-depth-su2_haar-L5-s1
iris01,su2_haar,Adam,1,2,1.9222127500454165,1.8063818209257565,5.385668086883214,0.3231400852129928,0,,,5.385668086883214,,,False,1.0,paper-run-baselines-depth-su2_haar-L5-s1
iris01,su2_haar,Adam,1,3,1.433299429290988,1.6508336591126993,5.547880995537786,0.3328728597322671,0,,,5.547880995537786,,,False,1.0,paper-run-baselines-depth-su2_haar-L5-s1
iris01,su2_haar,Adam,1,4,0.7012881361691806,0.7579353215003422,5.060705675159221,0.3036423405095533,0,,,5.060705675159221,,,False,1.0,paper-run-baselines-depth-su2_haar-L5-s1
iris01,su2_haar,Adam,1,5,0.7399480470426152,1.123782358458106,4.425443910502293,0.2655266346301375,0,,,4.425443910502293,,,False,1.0,paper-run-baselines-depth-su2_haar-L5-s1
iris01,su2_haar,Adam,1,6,0.4858319827904319,0.6944093418541902,4.2529812271857885,0.2551788736311473,0,,,4.2529812271857885,,,False,1.0,paper-run-baselines-depth-su2_haar-L5-s1
iris01,su2_haar,Adam,1,7,0.3882683816740337,0.5336307325441935,3.8551209397522186,0.2313072563851331,0,,,3.8551209397522186,,,False,1.0,paper-run-baselines-depth-su2_haar-L5-s1
iris01,su2_haar,Adam,1,8,0.3237144385025591,0.6730913865831517,3.666618170999842,0.2199970902599905,0,,,3.666618170999842,,,False,1.0,paper-run-baselines-depth-su2_haar-L5-s1
iris01,su2_haar,Adam,1,9,0.3843751120368136,0.6179644416036801,3.4665139215309937,0.2079908352918596,0,,,3.4665139215309937,,,False,1.0,paper-run-baselines-depth-su2_haar-L5-s1
iris01,su2_haar,Adam,1,10,0.4003277380854809,0.6582001071854992,3.199870307405118,0.191992218444307,0,,,3.199870307405118,,,False,1.0,paper-run-baselines-depth-su2_haar-L5-s1
iris01,su2_haar,Adam,1,11,0.4340627454726835,0.6452201677860052,2.972666316783861,0.1783599790070316,0,,,2.972666316783861,,,False,1.0,paper-run-baselines-depth-su2_haar-L5-s1
iris01,su2_haar,Adam,1,12,0.263126022116953,0.6427101306690681,2.845889483381037,0.1707533690028622,0,,,2.845889483381037,,,False,1.0,paper-run-baselines-depth-su2_haar-L5-s1
iris01,su2_haar,Adam,1,13,0.3699316517159,0.9950329800410188,2.877553844693119,0.1726532306815871,0,,,2.877553844693119,,,False,1.0,paper-run-baselines-depth-su2_haar-L5-s1
iris01,su2_haar,Adam,1,14,0.4389021615227911,0.5621131483793977,2.8913203610202367,0.1734792216612141,0,,,2.8913203610202367,,,False,1.0,paper-run-baselines-depth-su2_haar-L5-s1
iris01,su2_haar,Adam,1,15,0.1632888315012857,0.4258837312643561,2.8079827458911133,0.1684789647534668,0,,,2.8079827458911133,,,False,1.0,paper-run-baselines-depth-su2_haar-L5-s1
iris01,su2_haar,Adam,1,16,0.1184674195688437,0.190547880911589,2.522122523388116,0.1513273514032869,0,,,2.522122523388116,,,False,1.0,paper-run-baselines-depth-su2_haar-L5-s1
iris01,su2_haar,Adam,1,17,0.0974286287785118,0.2407626459066527,2.411547210932448,0.1446928326559468,0,,,2.411547210932448,,,False,1.0,paper-run-baselines-depth-su2_haar-L5-s1
iris01,su2_haar,Adam,1,18,0.2188797726670282,0.4122441707314391,2.3084516815093483,0.1385071008905609,0,,,2.3084516815093483,,,False,1.0,paper-run-baselines-depth-su2_haar-L5-s1
iris01,su2_haar,Adam,1,19,0.144837417272556,0.306111503572835,2.095307789045762,0.1257184673427457,0,,,2.095307789045762,,,False,1.0,paper-run-baselines-depth-su2_haar-L5-s1
iris01,su2_haar,Adam,1,20,0.0725542957264606,0.1974318989828128,1.8828446985027585,0.1129706819101654,0,,,1.8828446985027585,,,False,1.0,paper-run-baselines-depth-su2_haar-L5-s1
iris01,su2_haar,SGD,2,1,0.8978786833773414,0.8240847259393188,0.8240847259393188,0.0824084725939318,0,,,0.8240847259393188,,,False,1.0,paper-run-baselines-depth-su2_haar-L5-s2
iris01,su2_haar,SGD,2,2,0.995370152600312,0.8404835156958752,0.8404835156958752,0.0840483515695875,0,,,0.8404835156958752,,,False,1.0,paper-run-baselines-depth-su2_haar-L5-s2
iris01,su2_haar,SGD,2,3,0.9871024304070432,0.7388715794752427,0.7388715794752427,0.0738871579475242,0,,,0.7388715794752427,,,False,1.0,paper-run-baselines-depth-su2_haar-L5-s2
iris01,su2_haar,SGD,2,4,0.6268226732576103,0.6363280422953452,0.6363280422953452,0.0636328042295345,0,,,0.6363280422953452,,,False,1.0,paper-run-baselines-depth-su2_haar-L5-s2
iris01,su2_haar,SGD,2,5,0.6454236507198021,1.1229890241937337,1.1229890241937337,0.1122989024193733,0,,,1.1229890241937337,,,False,1.0,paper-run-baselines-depth-su2_haar-L5-s2
iris01,su2_haar,SGD,2,6,1.0553351539883593,1.147787089955275,1.147787089955275,0.1147787089955274,0,,,1.147787089955275,,,False,1.0,paper-run-baselines-depth-su2_haar-L5-s2
iris01,su2_haar,SGD,2,7,0.5519509484059141,0.723558583036764,0.723558583036764,0.0723558583036764,0,,,0.723558583036764,,,False,1.0,paper-run-baselines-depth-su2_haar-L5-s2
iris01,su2_haar,SGD,2,8,0.4914074057600521,0.6009699602727415,0.6009699602727415,0.0600969960272741,0,,,0.6009699602727415,,,False,1.0,paper-run-baselines-depth-su2_haar-L5-s2
iris01,su2_haar,SGD,2,9,0.8062136938908608,0.8693581152856713,0.8693581152856713,0.0869358115285671,0,,,0.8693581152856713,,,False,1.0,paper-run-baselines-depth-su2_haar-L5-s2
iris01,su2_haar,SGD,2,10,0.5272026112113183,0.7266574357613121,0.7266574357613121,0.0726657435761312,0,,,0.7266574357613121,,,False,1.0,paper-run-baselines-depth-su2_haar-L5-s2
iris01,su2_haar,SGD,2,11,0.692617926694948,0.7499735026023306,0.7499735026023306,0.074997350260233,0,,,0.7499735026023306,,,False,1.0,paper-run-baselines-depth-su2_haar-L5-s2
iris01,su2_haar,SGD,2,12,0.6434918214981077,0.9085963261450536,0.9085963261450536,0.0908596326145053,0,,,0.9085963261450536,,,False,1.0,paper-run-baselines-depth-su2_haar-L5-s2
iris01,su2_haar,SGD,2,13,0.6505990590060493,0.5793904238207063,0.5793904238207063,0.0579390423820706,0,,,0.5793904238207063,,,False,1.0,paper-run-baselines-depth-su2_haar-L5-s2
iris01,su2_haar,SGD,2,14,0.5470104113143812,0.5876053452377147,0.5876053452377147,0.0587605345237714,0,,,0.5876053452377147,,,False,1.0,paper-run-baselines-depth-su2_haar-L5-s2
iris01,su2_haar,SGD,2,15,0.6398281809781747,0.8467442327401413,0.8467442327401413,0.0846744232740141,0,,,0.8467442327401413,,,False,1.0,paper-run-baselines-depth-su2_haar-L5-s2
iris01,su2_haar,SGD,2,16,0.59924060953654,0.557913472302549,0.557913472302549,0.0557913472302549,0,,,0.557913472302549,,,False,1.0,paper-run-baselines-depth-su2_haar-L5-s2
iris01,su2_haar,SGD,2,17,0.5805799500233156,0.6055271308169836,0.6055271308169836,0.0605527130816983,0,,,0.6055271308169836,,,False,1.0,paper-run-baselines-depth-su2_haar-L5-s2
iris01,su2_haar,SGD,2,18,0.3911632496887297,0.4845525450821723,0.4845525450821723,0.0484552545082172,0,,,0.4845525450821723,,,False,1.0,paper-run-baselines-depth-su2_haar-L5-s2
iris01,su2_haar,SGD,2,19,0.4318685176866871,0.5525450623278715,0.5525450623278715,0.0552545062327871,0,,,0.5525450623278715,,,False,1.0,paper-run-baselines-depth-su2_haar-L5-s2
iris01,su2_haar,SGD,2,20,0.5776729485194467,0.5825914902518501,0.5825914902518501,0.058259149025185,0,,,0.5825914902518501,,,False,1.0,paper-run-baselines-depth-su2_haar-L5-s2
iris01,su2_haar,Adam,2,1,0.8978786833773414,0.8240847259393188,7.745863649610781,0.4647518189766468,0,,,7.745863649610781,,,False,1.0,paper-run-baselines-depth-su2_haar-L5-s2
iris01,su2_haar,Adam,2,2,0.8999622769416626,0.8133374580229275,6.03001410954219,0.3618008465725313,0,,,6.03001410954219,,,False,1.0,paper-run-baselines-depth-su2_haar-L5-s2
iris01,su2_haar,Adam,2,3,0.6738873198937654,0.7828683417603634,5.821400284456908,0.3492840170674144,0,,,5.821400284456908,,,False,1.0,paper-run-baselines-depth-su2_haar-L5-s2
iris01,su2_haar,Adam,2,4,0.368269514201443,0.5824999931369452,4.943149959164384,0.296588997549863,0,,,4.943149959164384,,,False,1.0,paper-run-baselines-depth-su2_haar-L5-s2
iris01,su2_haar,Adam,2,5,0.4549057291163615,1.1631322459241178,4.891176088549557,0.2934705653129734,0,,,4.891176088549557,,,False,1.0,paper-run-baselines-depth-su2_haar-L5-s2
iris01,su2_haar,Adam,2,6,0.3581847389205546,0.5162808180261501,4.295060442268017,0.257703626536081,0,,,4.295060442268017,,,False,1.0,paper-run-baselines-depth-su2_haar-L5-s2
iris01,su2_haar,Adam,2,7,0.228505364792362,0.5714351250532237,3.825260833655837,0.2295156500193502,0,,,3.825260833655837,,,False,1.0,paper-run-baselines-depth-su2_haar-L5-s2
iris01,su2_haar,Adam,2,8,0.2388489651259613,0.5521810136719151,3.512758165325613,0.2107654899195367,0,,,3.512758165325613,,,False,1.0,paper-run-baselines-depth-su2_haar-L5-s2
iris01,su2_haar,Adam,2,9,0.2460881859560843,0.5660870342049558,3.487427463419113,0.2092456478051468,0,,,3.487427463419113,,,False,1.0,paper-run-baselines-depth-su2_haar-L5-s2
iris01,su2_haar,Adam,2,10,0.2699503929049632,0.7066724049921157,3.5287193934224166,0.211723163605345,0,,,3.5287193934224166,,,False,1.0,paper-run-baselines-depth-su2_haar-L5-s2
iris01,su2_haar,Adam,2,11,0.4908877739523551,0.8053184212170932,3.291674587512356,0.1975004752507413,0,,,3.291674587512356,,,False,1.0,paper-run-baselines-depth-su2_haar-L5-s2
iris01,su2_haar,Adam,2,12,0.2289176200796643,0.8318031857544602,3.036866161994394,0.1822119697196636,0,,,3.036866161994394,,,False,1.0,paper-run-baselines-depth-su2_haar-L5-s2
iris01,su2_haar,Adam,2,13,0.6715874093870788,1.1749071001468487,2.947126433206435,0.1768275859923861,0,,,2.947126433206435,,,False,1.0,paper-run-baselines-depth-su2_haar-L5-s2
iris01,su2_haar,Adam,2,14,0.3241156184198641,0.6327475671888827,2.7473738666751664,0.1648424320005099,0,,,2.7473738666751664,,,False,1.0,paper-run-baselines-depth-su2_haar-L5-s2
iris01,su2_haar,Adam,2,15,0.2410391901780353,0.7581015913384795,2.805196735599993,0.1683118041359995,0,,,2.805196735599993,,,False,1.0,paper-run-baselines-depth-su2_haar-L5-s2
iris01,su2_haar,Adam,2,16,0.1889424868223544,0.3953321323096828,2.5482277945493714,0.1528936676729622,0,,,2.5482277945493714,,,False,1.0,paper-run-baselines-depth-su2_haar-L5-s2
iris01,su2_haar,Adam,2,17,0.221131473183822,0.521258019050094,2.4140996678702,0.1448459800722119,0,,,2.4140996678702,,,False,1.0,paper-run-baselines-depth-su2_haar-L5-s2
iris01,su2_haar,Adam,2,18,0.2187404659767064,0.4977450601855057,2.249532120219098,0.1349719272131458,0,,,2.249532120219098,,,False,1.0,paper-run-baselines-depth-su2_haar-L5-s2
iris01,su2_haar,Adam,2,19,0.1458351603896442,0.5046400186531343,2.0717829073697924,0.1243069744421875,0,,,2.0717829073697924,,,False,1.0,paper-run-baselines-depth-su2_haar-L5-s2
iris01,su2_haar,Adam,2,20,0.3198094921479779,0.6621490420224956,1.975506385729613,0.1185303831437767,0,,,1.975506385729613,,,False,1.0,paper-run-baselines-depth-su2_haar-L5-s2
iris01,su2_haar,SGD,3,1,1.180765146846124,1.0484301564119831,1.0484301564119831,0.1048430156411983,0,,,1.0484301564119831,,,False,1.0,paper-run-baselines-depth-su2_haar-L5-s3
iris01,su2_haar,SGD,3,2,1.066864568125094,1.1509335412782031,1.1509335412782031,0.1150933541278203,0,,,1.1509335412782031,,,False,1.0,paper-run-baselines-depth-su2_haar-L5-s3
iris01,su2_haar,SGD,3,3,0.7873299551633234,0.8816516918789248,0.8816516918789248,0.0881651691878924,0,,,0.8816516918789248,,,False,1.0,paper-run-baselines-depth-su2_haar-L5-s3
iris01,su2_haar,SGD,3,4,1.1412035832424248,0.8137154094686935,0.8137154094686935,0.0813715409468693,0,,,0.8137154094686935,,,False,1.0,paper-run-baselines-depth-su2_haar-L5-s3
iris01,su2_haar,SGD,3,5,0.6859416964207679,0.7466156635639417,0.7466156635639417,0.0746615663563941,0,,,0.7466156635639417,,,False,1.0,paper-run-baselines-depth-su2_haar-L5-s3
iris01,su2_haar,SGD,3,6,0.7046117475029865,0.7800377365336719,0.7800377365336719,0.0780037736533671,0,,,0.7800377365336719,,,False,1.0,paper-run-baselines-depth-su2_haar-L5-s3
iris01,su2_haar,SGD,3,7,0.7419799428019545,0.6999088090159035,0.6999088090159035,0.0699908809015903,0,,,0.6999088090159035,,,False,1.0,paper-run-baselines-depth-su2_haar-L5-s3
iris01,su2_haar,SGD,3,8,1.0124084908665243,1.0313623006998072,1.0313623006998072,0.1031362300699807,0,,,1.0313623006998072,,,False,1.0,paper-run-baselines-depth-su2_haar-L5-s3
iris01,su2_haar,SGD,3,9,0.4562342245314608,0.5451054082650779,0.5451054082650779,0.0545105408265077,0,,,0.5451054082650779,,,False,1.0,paper-run-baselines-depth-su2_haar-L5-s3
iris01,su2_haar,SGD,3,10,0.4076118977046197,0.610003611522516,0.610003611522516,0.0610003611522516,0,,,0.610003611522516,,,False,1.0,paper-run-baselines-depth-su2_haar-L5-s3
iris01,su2_haar,SGD,3,11,0.4599785706803183,0.5442345622639232,0.5442345622639232,0.0544234562263923,0,,,0.5442345622639232,,,False,1.0,paper-run-baselines-depth-su2_haar-L5-s3
iris01,su2_haar,SGD,3,12,0.6321532496017059,0.8449003526169246,0.8449003526169246,0.0844900352616924,0,,,0.8449003526169246,,,False,1.0,paper-run-baselines-depth-su2_haar-L5-s3
iris01,su2_haar,SGD,3,13,0.2975261368165405,0.4258881727588246,0.4258881727588246,0.0425888172758824,0,,,0.4258881727588246,,,False,1.0,paper-run-baselines-depth-su2_haar-L5-s3
iris01,su2_haar,SGD,3,14,0.5125937691017699,0.6397152175434913,0.6397152175434913,0.0639715217543491,0,,,0.6397152175434913,,,False,1.0,paper-run-baselines-depth-su2_haar-L5-s3
iris01,su2_haar,SGD,3,15,0.6808462138558715,0.5992092584217359,0.5992092584217359,0.0599209258421735,0,,,0.5992092584217359,,,False,1.0,paper-run-baselines-depth-su2_haar-L5-s3
iris01,su2_haar,SGD,3,16,0.3891448787241192,0.9261227046069532,0.9261227046069532,0.0926122704606953,0,,,0.9261227046069532,,,False,1.0,paper-run-baselines-depth-su2_haar-L5-s3
iris01,su2_haar,SGD,3,17,0.521433144942708,0.5027061892523874,0.5027061892523874,0.0502706189252387,0,,,0.5027061892523874,,,False,1.0,paper-run-baselines-depth-su2_haar-L5-s3
iris01,su2_haar,SGD,3,18,0.6550775584647235,0.723611110564974,0.723611110564974,0.0723611110564974,0,,,0.723611110564974,,,False,1.0,paper-run-baselines-depth-su2_haar-L5-s3
iris01,su2_haar,SGD,3,19,0.7576586398316904,0.9719493832034872,0.9719493832034872,0.0971949383203487,0,,,0.9719493832034872,,,False,1.0,paper-run-baselines-depth-su2_haar-L5-s3
iris01,su2_haar,SGD,3,20,0.4029742530287366,0.6491852625450756,0.6491852625450756,0.0649185262545075,0,,,0.6491852625450756,,,False,1.0,paper-run-baselines-depth-su2_haar-L5-s3
iris01,su2_haar,Adam,3,1,1.180765146846124,1.0484301564119831,7.745962328492807,0.4647577397095684,0,,,7.745962328492807,,,False,1.0,paper-run-baselines-depth-su2_haar-L5-s3
iris01,su2_haar,Adam,3,2,0.9116931594181016,1.1132087173001202,6.437239850196577,0.3862343910117946,0,,,6.437239850196577,,,False,1.0,paper-run-baselines-depth-su2_haar-L5-s3
iris01,su2_haar,Adam,3,3,0.7134684487339252,0.8284234133055479,5.408560036845276,0.3245136022107165,0,,,5.408560036845276,,,False,1.0,paper-run-baselines-depth-su2_haar-L5-s3
iris01,su2_haar,Adam,3,4,0.7477129433276505,0.7017819149078088,5.09782473476336,0.3058694840858015,0,,,5.09782473476336,,,False,1.0,paper-run-baselines-depth-su2_haar-L5-s3
iris01,su2_haar,Adam,3,5,0.3550131537647059,0.477539218885072,4.620705507913086,0.2772423304747851,0,,,4.620705507913086,,,False,1.0,paper-run-baselines-depth-su2_haar-L5-s3
iris01,su2_haar,Adam,3,6,0.4102045897764999,0.5651228722078686,4.184184071026915,0.2510510442616149,0,,,4.184184071026915,,,False,1.0,paper-run-baselines-depth-su2_haar-L5-s3
iris01,su2_haar,Adam,3,7,0.3625449257054887,0.6168812561500051,3.828524071260173,0.2297114442756103,0,,,3.828524071260173,,,False,1.0,paper-run-baselines-depth-su2_haar-L5-s3
iris01,su2_haar,Adam,3,8,0.3498484975089519,0.5186137938600424,3.5203064727773423,0.2112183883666405,0,,,3.5203064727773423,,,False,1.0,paper-run-baselines-depth-su2_haar-L5-s3
iris01,su2_haar,Adam,3,9,0.3328072929669602,0.4735924809303823,3.279379316632108,0.1967627589979264,0,,,3.279379316632108,,,False,1.0,paper-run-baselines-depth-su2_haar-L5-s3
iris01,su2_haar,Adam,3,10,0.3624151054691188,0.6269607899940124,3.291471862629415,0.1974883117577649,0,,,3.291471862629415,,,False,1.0,paper-run-baselines-depth-su2_haar-L5-s3
iris01,su2_haar,Adam,3,11,0.4749020571016301,0.8566679794418155,3.393843355920412,0.2036306013552247,0,,,3.393843355920412,,,False,1.0,paper-run-baselines-depth-su2_haar-L5-s3
iris01,su2_haar,Adam,3,12,0.1905248661134514,0.5725795911000773,2.803453693009325,0.1682072215805595,0,,,2.803453693009325,,,False,1.0,paper-run-baselines-depth-su2_haar-L5-s3
iris01,su2_haar,Adam,3,13,0.1482517636281615,0.3701604772444897,2.6868803075613434,0.1612128184536806,0,,,2.6868803075613434,,,False,1.0,paper-run-baselines-depth-su2_haar-L5-s3
iris01,su2_haar,Adam,3,14,0.3266123711925165,0.6881659235418559,2.496469841864169,0.1497881905118501,0,,,2.496469841864169,,,False,1.0,paper-run-baselines-depth-su2_haar-L5-s3
iris01,su2_haar,Adam,3,15,0.4364235161665829,0.6474277223609047,2.367605114467157,0.1420563068680294,0,,,2.367605114467157,,,False,1.0,paper-run-baselines-depth-su2_haar-L5-s3
iris01,su2_haar,Adam,3,16,0.1661140994782874,0.5311284380560621,2.327112575858873,0.1396267545515323,0,,,2.327112575858873,,,False,1.0,paper-run-baselines-depth-su2_haar-L5-s3
iris01,su2_haar,Adam,3,17,0.2150060043879871,0.2493409630789466,2.169176397263823,0.1301505838358293,0,,,2.169176397263823,,,False,1.0,paper-run-baselines-depth-su2_haar-L5-s3
iris01,su2_haar,Adam,3,18,0.2851335678762562,0.479474085305837,2.206595477455585,0.1323957286473351,0,,,2.206595477455585,,,False,1.0,paper-run-baselines-depth-su2_haar-L5-s3
iris01,su2_haar,Adam,3,19,0.4093218660359582,0.8560229755196329,2.2650668009539285,0.1359040080572357,0,,,2.2650668009539285,,,False,1.0,paper-run-baselines-depth-su2_haar-L5-s3
iris01,su2_haar,Adam,3,20,0.1778544813488234,0.4340737733274549,2.3690893203523937,0.1421453592211436,0,,,2.3690893203523937,,,False,1.0,paper-run-baselines-depth-su2_haar-L5-s3
iris01,su2_haar,SGD,4,1,0.7840859377609971,1.63023048936192,1.63023048936192,0.163023048936192,0,,,1.63023048936192,,,False,1.0,paper-run-baselines-depth-su2_haar-L5-s4
iris01,su2_haar,SGD,4,2,0.2877965027768336,0.7799161001597859,0.7799161001597859,0.0779916100159786,0,,,0.7799161001597859,,,False,1.0,paper-run-baselines-depth-su2_haar-L5-s4
iris01,su2_haar,SGD,4,3,0.3886177898107313,0.7411885679737418,0.7411885679737418,0.0741188567973741,0,,,0.7411885679737418,,,False,1.0,paper-run-baselines-depth-su2_haar-L5-s4
iris01,su2_haar,SGD,4,4,0.3515687998720743,0.6960063367936857,0.6960063367936857,0.0696006336793685,0,,,0.6960063367936857,,,False,1.0,paper-run-baselines-depth-su2_haar-L5-s4
iris01,su2_haar,SGD,4,5,0.3956319809761027,0.7644470079055794,0.7644470079055794,0.0764447007905579,0,,,0.7644470079055794,,,False,1.0,paper-run-baselines-depth-su2_haar-L5-s4
iris01,su2_haar,SGD,4,6,0.2616974324877499,0.5636236925691434,0.5636236925691434,0.0563623692569143,0,,,0.5636236925691434,,,False,1.0,paper-run-baselines-depth-su2_haar-L5-s4
iris01,su2_haar,SGD,4,7,0.3022081282153345,0.882783111202334,0.882783111202334,0.0882783111202334,0,,,0.882783111202334,,,False,1.0,paper-run-baselines-depth-su2_haar-L5-s4
iris01,su2_haar,SGD,4,8,0.2233881657512308,0.5548262685754206,0.5548262685754206,0.055482626857542,0,,,0.5548262685754206,,,False,1.0,paper-run-baselines-depth-su2_haar-L5-s4
iris01,su2_haar,SGD,4,9,0.1930065769959398,0.606468213904055,0.606468213904055,0.0606468213904055,0,,,0.606468213904055,,,False,1.0,paper-run-baselines-depth-su2_haar-L5-s4
iris01,su2_haar,SGD,4,10,0.2765612389390751,0.7598136303243971,0.7598136303243971,0.0759813630324397,0,,,0.7598136303243971,,,False,1.0,paper-run-baselines-depth-su2_haar-L5-s4
iris01,su2_haar,SGD,4,11,0.2022656851875371,0.5936443556674128,0.5936443556674128,0.0593644355667412,0,,,0.5936443556674128,,,False,1.0,paper-run-baselines-depth-su2_haar-L5-s4
iris01,su2_haar,SGD,4,12,0.2548172822586534,0.4323793175091476,0.4323793175091476,0.0432379317509147,0,,,0.4323793175091476,,,False,1.0,paper-run-baselines-depth-su2_haar-L5-s4
iris01,su2_haar,SGD,4,13,0.3416842066480475,0.6051940826119587,0.6051940826119587,0.0605194082611958,0,,,0.6051940826119587,,,False,1.0,paper-run-baselines-depth-su2_haar-L5-s4
iris01,su2_haar,SGD,4,14,0.3432892683480427,0.6454079357382115,0.6454079357382115,0.0645407935738211,0,,,0.6454079357382115,,,False,1.0,paper-run-baselines-depth-su2_haar-L5-s4
iris01,su2_haar,SGD,4,15,0.1968775964429278,0.7406235062269312,0.7406235062269312,0.0740623506226931,0,,,0.7406235062269312,,,False,1.0,paper-run-baselines-depth-su2_haar-L5-s4
iris01,su2_haar,SGD,4,16,0.1379119012626919,0.3466420661013585,0.3466420661013585,0.0346642066101358,0,,,0.3466420661013585,,,False,1.0,paper-run-baselines-depth-su2_haar-L5-s4
iris01,su2_haar,SGD,4,17,0.1332518879975412,0.4018139496565758,0.4018139496565758,0.0401813949656575,0,,,0.4018139496565758,,,False,1.0,paper-run-baselines-depth-su2_haar-L5-s4
iris01,su2_haar,SGD,4,18,0.3431940731084061,1.0780102867318284,1.0780102867318284,0.1078010286731828,0,,,1.0780102867318284,,,False,1.0,paper-run-baselines-depth-su2_haar-L5-s4
iris01,su2_haar,SGD,4,19,0.2036575295067765,0.4837861597450842,0.4837861597450842,0.0483786159745084,0,,,0.4837861597450842,,,False,1.0,paper-run-baselines-depth-su2_haar-L5-s4
iris01,su2_haar,SGD,4,20,0.3190707722785863,0.8684390108800278,0.8684390108800278,0.0868439010880027,0,,,0.8684390108800278,,,False,1.0,paper-run-baselines-depth-su2_haar-L5-s4
iris01,su2_haar,Adam,4,1,0.7840859377609971,1.63023048936192,7.7459625387378335,0.4647577523242699,0,,,7.7459625387378335,,,False,1.0,paper-run-baselines-depth-su2_haar-L5-s4
iris01,su2_haar,Adam,4,2,0.2137651120892402,0.5513286281006552,5.98922094818632,0.3593532568911792,0,,,5.98922094818632,,,False,1.0,paper-run-baselines-depth-su2_haar-L5-s4
iris01,su2_haar,Adam,4,3,0.3607925315537791,0.8365533190322159,4.44110140402674,0.2664660842416044,0,,,4.44110140402674,,,False,1.0,paper-run-baselines-depth-su2_haar-L5-s4
iris01,su2_haar,Adam,4,4,0.2656965451097417,0.5171942186030996,3.958749978100526,0.2375249986860315,0,,,3.958749978100526,,,False,1.0,paper-run-baselines-depth-su2_haar-L5-s4
iris01,su2_haar,Adam,4,5,0.4709682303005226,0.9865867845090404,3.485924962968587,0.2091554977781152,0,,,3.485924962968587,,,False,1.0,paper-run-baselines-depth-su2_haar-L5-s4
iris01,su2_haar,Adam,4,6,0.1789525481154764,0.5028936632873966,3.415434693304971,0.2049260815982982,0,,,3.415434693304971,,,False,1.0,paper-run-baselines-depth-su2_haar-L5-s4
iris01,su2_haar,Adam,4,7,0.3283657139531412,1.1906711064580515,3.773095973820236,0.2263857584292141,0,,,3.773095973820236,,,False,1.0,paper-run-baselines-depth-su2_haar-L5-s4
iris01,su2_haar,Adam,4,8,0.0978969491290236,0.2476516202190033,3.601376067039702,0.2160825640223821,0,,,3.601376067039702,,,False,1.0,paper-run-baselines-depth-su2_haar-L5-s4
iris01,su2_haar,Adam,4,9,0.0721094831056998,0.3013804739658201,3.4995877875166963,0.2099752672510017,0,,,3.4995877875166963,,,False,1.0,paper-run-baselines-depth-su2_haar-L5-s4
iris01,su2_haar,Adam,4,10,0.2059797490616236,0.6356803403999918,2.841073466486783,0.1704644079892069,0,,,2.841073466486783,,,False,1.0,paper-run-baselines-depth-su2_haar-L5-s4
iris01,su2_haar,Adam,4,11,0.1361515977161503,0.4210211926974204,2.636926365146425,0.1582155819087854,0,,,2.636926365146425,,,False,1.0,paper-run-baselines-depth-su2_haar-L5-s4
iris01,su2_haar,Adam,4,12,0.1449869836144172,0.3675769459371983,2.5162022050047663,0.1509721323002859,0,,,2.5162022050047663,,,False,1.0,paper-run-baselines-depth-su2_haar-L5-s4
iris01,su2_haar,Adam,4,13,0.2361771837921279,0.5716984544968055,2.613345585491516,0.1568007351294909,0,,,2.613345585491516,,,False,1.0,paper-run-baselines-depth-su2_haar-L5-s4
iris01,su2_haar,Adam,4,14,0.1278554643429954,0.261496241797727,2.3590672605532763,0.1415440356331965,0,,,2.3590672605532763,,,False,1.0,paper-run-baselines-depth-su2_haar-L5-s4
iris01,su2_haar,Adam,4,15,0.1173631400752138,0.5242359056625663,2.013854033654661,0.1208312420192796,0,,,2.013854033654661,,,False,1.0,paper-run-baselines-depth-su2_haar-L5-s4
iris01,su2_haar,Adam,4,16,0.0974237361490793,0.4394349575241991,1.879590927290805,0.1127754556374483,0,,,1.879590927290805,,,False,1.0,paper-run-baselines-depth-su2_haar-L5-s4
iris01,su2_haar,Adam,4,17,0.1390491076614361,0.5563953427152585,1.728009028811485,0.1036805417286891,0,,,1.728009028811485,,,False,1.0,paper-run-baselines-depth-su2_haar-L5-s4
iris01,su2_haar,Adam,4,18,0.1587569016487968,0.502702331492234,1.6840954974552982,0.1010457298473178,0,,,1.6840954974552982,,,False,1.0,paper-run-baselines-depth-su2_haar-L5-s4
iris01,su2_haar,Adam,4,19,0.1001512922562283,0.4527929020604316,1.79497146122165,0.1076982876732989,0,,,1.79497146122165,,,False,1.0,paper-run-baselines-depth-su2_haar-L5-s4
iris01,su2_haar,Adam,4,20,0.2645749940254739,0.955933591238092,2.387731155923576,0.1432638693554145,0,,,2.387731155923576,,,False,1.0,paper-run-baselines-depth-su2_haar-L5-s4
iris01,su2_haar,SGD,0,1,1.1987843193560417,1.4882955370008386,1.4882955370008386,0.1488295537000838,0,,,1.4882955370008386,,,False,1.0,paper-run-baselines-scaling-su2_haar-n10-s0
iris01,su2_haar,SGD,0,2,1.4712802797189863,1.0658266710584303,1.0658266710584303,0.106582667105843,0,,,1.0658266710584303,,,False,1.0,paper-run-baselines-scaling-su2_haar-n10-s0
iris01,su2_haar,SGD,0,3,1.352170053622626,0.8946761325587581,0.8946761325587581,0.0894676132558758,0,,,0.8946761325587581,,,False,1.0,paper-run-baselines-scaling-su2_haar-n10-s0
iris01,su2_haar,SGD,0,4,1.4117167035878535,1.3247072046338166,1.3247072046338166,0.1324707204633816,0,,,1.3247072046338166,,,False,1.0,paper-run-baselines-scaling-su2_haar-n10-s0
iris01,su2_haar,SGD,0,5,1.908951396251351,2.05084563801272,2.05084563801272,0.2050845638012719,0,,,2.05084563801272,,,False,1.0,paper-run-baselines-scaling-su2_haar-n10-s0
iris01,su2_haar,SGD,0,6,1.101980604604033,1.4437480531454463,1.4437480531454463,0.1443748053145446,0,,,1.4437480531454463,,,False,1.0,paper-run-baselines-scaling-su2_haar-n10-s0
iris01,su2_haar,SGD,0,7,1.1129598085769734,1.2105907638846531,1.2105907638846531,0.1210590763884653,0,,,1.2105907638846531,,,False,1.0,paper-run-baselines-scaling-su2_haar-n10-s0
iris01,su2_haar,SGD,0,8,1.0199483017036384,0.9541472454471922,0.9541472454471922,0.0954147245447192,0,,,0.9541472454471922,,,False,1.0,paper-run-baselines-scaling-su2_haar-n10-s0
iris01,su2_haar,SGD,0,9,1.5672440027689465,1.4107531154882047,1.4107531154882047,0.1410753115488204,0,,,1.4107531154882047,,,False,1.0,paper-run-baselines-scaling-su2_haar-n10-s0
iris01,su2_haar,SGD,0,10,1.2098702605139071,1.3215475928644285,1.3215475928644285,0.1321547592864428,0,,,1.3215475928644285,,,False,1.0,paper-run-baselines-scaling-su2_haar-n10-s0
iris01,su2_haar,SGD,0,11,0.8495083360672734,1.0294330160198728,1.0294330160198728,0.1029433016019872,0,,,1.0294330160198728,,,False,1.0,paper-run-baselines-scaling-su2_haar-n10-s0
iris01,su2_haar,SGD,0,12,0.914010278656918,0.8605057640225705,0.8605057640225705,0.086050576402257,0,,,0.8605057640225705,,,False,1.0,paper-run-baselines-scaling-su2_haar-n10-s0
iris01,su2_haar,SGD,0,13,0.654404711052134,0.747385222665747,0.747385222665747,0.0747385222665747,0,,,0.747385222665747,,,False,1.0,paper-run-baselines-scaling-su2_haar-n10-s0
iris01,su2_haar,SGD,0,14,0.4170149074089165,0.5981976990866976,0.5981976990866976,0.0598197699086697,0,,,0.5981976990866976,,,False,1.0,paper-run-baselines-scaling-su2_haar-n10-s0
iris01,su2_haar,SGD,0,15,0.7152038125851242,1.0622420601362534,1.0622420601362534,0.1062242060136253,0,,,1.0622420601362534,,,False,1.0,paper-run-baselines-scaling-su2_haar-n10-s0
iris01,su2_haar,SGD,0,16,0.4037196188121163,0.767988181680621,0.767988181680621,0.0767988181680621,0,,,0.767988181680621,,,False,1.0,paper-run-baselines-scaling-su2_haar-n10-s0
iris01,su2_haar,SGD,0,17,0.7154844632610575,1.364468415053962,1.364468415053962,0.1364468415053962,0,,,1.364468415053962,,,False,1.0,paper-run-baselines-scaling-su2_haar-n10-s0
iris01,su2_haar,SGD,0,18,0.3615375216920223,0.479483582252641,0.479483582252641,0.0479483582252641,0,,,0.479483582252641,,,False,1.0,paper-run-baselines-scaling-su2_haar-n10-s0
iris01,su2_haar,SGD,0,19,0.3390223186063335,0.5877283574047864,0.5877283574047864,0.0587728357404786,0,,,0.5877283574047864,,,False,1.0,paper-run-baselines-scaling-su2_haar-n10-s0
iris01,su2_haar,SGD,0,20,0.4110519167557004,0.7849293788225074,0.7849293788225074,0.0784929378822507,0,,,0.7849293788225074,,,False,1.0,paper-run-baselines-scaling-su2_haar-n10-s0
iris01,su2_haar,Adam,0,1,1.1987843193560417,1.4882955370008386,5.196142489502739,0.3117685493701643,0,,,5.196142489502739,,,False,1.0,paper-run-baselines-scaling-su2_haar-n10-s0
iris01,su2_haar,Adam,0,2,1.4220194292249189,1.0955552680064955,3.75589535692688,0.2253537214156128,0,,,3.75589535692688,,,False,1.0,paper-run-baselines-scaling-su2_haar-n10-s0
iris01,su2_haar,Adam,0,3,1.23901256518086,0.9386085661237372,3.4196140534501294,0.2051768432070077,0,,,3.4196140534501294,,,False,1.0,paper-run-baselines-scaling-su2_haar-n10-s0
iris01,su2_haar,Adam,0,4,1.1586697064444609,1.2047728341690234,3.3094205541325605,0.1985652332479536,0,,,3.3094205541325605,,,False,1.0,paper-run-baselines-scaling-su2_haar-n10-s0
iris01,su2_haar,Adam,0,5,1.7451831845026216,1.6822707444274223,3.351295573768501,0.20107773442611,0,,,3.351295573768501,,,False,1.0,paper-run-baselines-scaling-su2_haar-n10-s0
iris01,su2_haar,Adam,0,6,0.9991822668575926,1.106026678568609,3.284053218214223,0.1970431930928533,0,,,3.284053218214223,,,False,1.0,paper-run-baselines-scaling-su2_haar-n10-s0
iris01,su2_haar,Adam,0,7,0.9239870762359184,1.0033936992245656,3.26117371903153,0.1956704231418918,0,,,3.26117371903153,,,False,1.0,paper-run-baselines-scaling-su2_haar-n10-s0
iris01,su2_haar,Adam,0,8,0.958805780016834,1.0206919136535524,2.913594449051607,0.1748156669430964,0,,,2.913594449051607,,,False,1.0,paper-run-baselines-scaling-su2_haar-n10-s0
iris01,su2_haar,Adam,0,9,1.1070476457764582,0.9481941608532356,2.946808374869881,0.1768085024921928,0,,,2.946808374869881,,,False,1.0,paper-run-baselines-scaling-su2_haar-n10-s0
iris01,su2_haar,Adam,0,10,0.8588576088174192,0.970613546122722,2.896057227115762,0.1737634336269457,0,,,2.896057227115762,,,False,1.0,paper-run-baselines-scaling-su2_haar-n10-s0
iris01,su2_haar,Adam,0,11,0.7706642394653395,0.968425092680241,2.880734978515623,0.1728440987109373,0,,,2.880734978515623,,,False,1.0,paper-run-baselines-scaling-su2_haar-n10-s0
iris01,su2_haar,Adam,0,12,0.7410521284198217,0.8510672082189171,2.844866770571719,0.1706920062343031,0,,,2.844866770571719,,,False,1.0,paper-run-baselines-scaling-su2_haar-n10-s0
iris01,su2_haar,Adam,0,13,0.4119296830431879,0.5646854931194182,2.658362671433506,0.1595017602860103,0,,,2.658362671433506,,,False,1.0,paper-run-baselines-scaling-su2_haar-n10-s0
iris01,su2_haar,Adam,0,14,0.2879603393991784,0.3938936537722157,2.4521081344495146,0.1471264880669708,0,,,2.4521081344495146,,,False,1.0,paper-run-baselines-scaling-su2_haar-n10-s0
iris01,su2_haar,Adam,0,15,0.468127174113069,0.7669702001689287,2.267282125362362,0.1360369275217417,0,,,2.267282125362362,,,False,1.0,paper-run-baselines-scaling-su2_haar-n10-s0
iris01,su2_haar,Adam,0,16,0.2590234057963521,0.4063908119381184,2.057918546893664,0.1234751128136198,0,,,2.057918546893664,,,False,1.0,paper-run-baselines-scaling-su2_haar-n10-s0
iris01,su2_haar,Adam,0,17,0.6479969810017141,1.077277118511231,2.120906994779662,0.1272544196867797,0,,,2.120906994779662,,,False,1.0,paper-run-baselines-scaling-su2_haar-n10-s0
iris01,su2_haar,Adam,0,18,0.3449568515361456,0.4276412041770757,1.948599599110712,0.1169159759466427,0,,,1.948599599110712,,,False,1.0,paper-run-baselines-scaling-su2_haar-n10-s0
iris01,su2_haar,Adam,0,19,0.2397457448217285,0.4692882503013877,1.938093308614579,0.1162855985168747,0,,,1.938093308614579,,,False,1.0,paper-run-baselines-scaling-su2_haar-n10-s0
iris01,su2_haar,Adam,0,20,0.2519922598943713,0.4539956884347721,1.9624765117188745,0.1177485907031324,0,,,1.9624765117188745,,,False,1.0,paper-run-baselines-scaling-su2_haar-n10-s0
iris01,su2_haar,SGD,1,1,0.6439441369990206,0.6861293542492011,0.6861293542492011,0.0686129354249201,0,,,0.6861293542492011,,,False,1.0,paper-run-baselines-scaling-su2_haar-n10-s1
iris01,su2_haar,SGD,1,2,1.305998715080152,1.72856278082786,1.72856278082786,0.172856278082786,0,,,1.72856278082786,,,False,1.0,paper-run-baselines-scaling-su2_haar-n10-s1
iris01,su2_haar,SGD,1,3,0.9163023414531828,1.5095387296280929,1.5095387296280929,0.1509538729628093,0,,,1.5095387296280929,,,False,1.0,paper-run-baselines-scaling-su2_haar-n10-s1
iris01,su2_haar,SGD,1,4,0.7308023711049134,0.7918682270912741,0.7918682270912741,0.0791868227091274,0,,,0.7918682270912741,,,False,1.0,paper-run-baselines-scaling-su2_haar-n10-s1
iris01,su2_haar,SGD,1,5,0.7134971213388991,0.7928589466917942,0.7928589466917942,0.0792858946691794,0,,,0.7928589466917942,,,False,1.0,paper-run-baselines-scaling-su2_haar-n10-s1
iris01,su2_haar,SGD,1,6,0.6979356732389745,0.9798310510728252,0.9798310510728252,0.0979831051072825,0,,,0.9798310510728252,,,False,1.0,paper-run-baselines-scaling-su2_haar-n10-s1
iris01,su2_haar,SGD,1,7,0.7180128610000904,0.7872090458779597,0.7872090458779597,0.0787209045877959,0,,,0.7872090458779597,,,False,1.0,paper-run-baselines-scaling-su2_haar-n10-s1
iris01,su2_haar,SGD,1,8,0.2180874112801371,0.4675285737252916,0.4675285737252916,0.0467528573725291,0,,,0.4675285737252916,,,False,1.0,paper-run-baselines-scaling-su2_haar-n10-s1
iris01,su2_haar,SGD,1,9,0.3948559147266157,0.6584614404273625,0.6584614404273625,0.0658461440427362,0,,,0.6584614404273625,,,False,1.0,paper-run-baselines-scaling-su2_haar-n10-s1
iris01,su2_haar,SGD,1,10,0.6058369510004656,0.5848164061061092,0.5848164061061092,0.0584816406106109,0,,,0.5848164061061092,,,False,1.0,paper-run-baselines-scaling-su2_haar-n10-s1
iris01,su2_haar,SGD,1,11,0.7840748083256265,0.8236427103407246,0.8236427103407246,0.0823642710340724,0,,,0.8236427103407246,,,False,1.0,paper-run-baselines-scaling-su2_haar-n10-s1
iris01,su2_haar,SGD,1,12,0.3720130179469071,0.3697892463202585,0.3697892463202585,0.0369789246320258,0,,,0.3697892463202585,,,False,1.0,paper-run-baselines-scaling-su2_haar-n10-s1
iris01,su2_haar,SGD,1,13,0.3167592760335229,0.4389231141274338,0.4389231141274338,0.0438923114127433,0,,,0.4389231141274338,,,False,1.0,paper-run-baselines-scaling-su2_haar-n10-s1
iris01,su2_haar,SGD,1,14,0.7361335008494504,0.8579882308573251,0.8579882308573251,0.0857988230857325,0,,,0.8579882308573251,,,False,1.0,paper-run-baselines-scaling-su2_haar-n10-s1
iris01,su2_haar,SGD,1,15,0.4458965616592821,0.6467342799547608,0.6467342799547608,0.064673427995476,0,,,0.6467342799547608,,,False,1.0,paper-run-baselines-scaling-su2_haar-n10-s1
iris01,su2_haar,SGD,1,16,0.5213876278023367,0.5278412044281499,0.5278412044281499,0.0527841204428149,0,,,0.5278412044281499,,,False,1.0,paper-run-baselines-scaling-su2_haar-n10-s1
iris01,su2_haar,SGD,1,17,0.3080103357285697,0.3306683186960397,0.3306683186960397,0.0330668318696039,0,,,0.3306683186960397,,,False,1.0,paper-run-baselines-scaling-su2_haar-n10-s1
iris01,su2_haar,SGD,1,18,0.4177588466469991,0.5611742013030172,0.5611742013030172,0.0561174201303017,0,,,0.5611742013030172,,,False,1.0,paper-run-baselines-scaling-su2_haar-n10-s1
iris01,su2_haar,SGD,1,19,0.5757261877702093,0.5696739140752128,0.5696739140752128,0.0569673914075212,0,,,0.5696739140752128,,,False,1.0,paper-run-baselines-scaling-su2_haar-n10-s1
iris01,su2_haar,SGD,1,20,0.1949197372248364,0.2028004109830162,0.2028004109830162,0.0202800410983016,0,,,0.2028004109830162,,,False,1.0,paper-run-baselines-scaling-su2_haar-n10-s1
iris01,su2_haar,Adam,1,1,0.6439441369990206,0.6861293542492011,5.196149079215936,0.3117689447529561,0,,,5.196149079215936,,,False,1.0,paper-run-baselines-scaling-su2_haar-n10-s1
iris01,su2_haar,Adam,1,2,1.2907020705361885,1.7091587953046994,3.763495148303076,0.2258097088981845,0,,,3.763495148303076,,,False,1.0,paper-run-baselines-scaling-su2_haar-n10-s1
iris01,su2_haar,Adam,1,3,0.8226660665655893,1.4422224471526608,3.7809980867792974,0.2268598852067578,0,,,3.7809980867792974,,,False,1.0,paper-run-baselines-scaling-su2_haar-n10-s1
iris01,su2_haar,Adam,1,4,0.6992252835583619,0.7518311811080823,3.3315076721426955,0.1998904603285617,0,,,3.3315076721426955,,,False,1.0,paper-run-baselines-scaling-su2_haar-n10-s1
iris01,su2_haar,Adam,1,5,0.5218226779680314,0.5846864604007767,3.140901597935017,0.188454095876101,0,,,3.140901597935017,,,False,1.0,paper-run-baselines-scaling-su2_haar-n10-s1
iris01,su2_haar,Adam,1,6,0.5841220820501473,0.7821485510383136,3.026313863885746,0.1815788318331447,0,,,3.026313863885746,,,False,1.0,paper-run-baselines-scaling-su2_haar-n10-s1
iris01,su2_haar,Adam,1,7,0.5141094661947738,0.5973385735550143,2.9186664945404472,0.1751199896724268,0,,,2.9186664945404472,,,False,1.0,paper-run-baselines-scaling-su2_haar-n10-s1
iris01,su2_haar,Adam,1,8,0.2458381213962224,0.7166270854679234,2.541315502610888,0.1524789301566533,0,,,2.541315502610888,,,False,1.0,paper-run-baselines-scaling-su2_haar-n10-s1
iris01,su2_haar,Adam,1,9,0.2636816290009713,0.4207221236770732,2.391425842911211,0.1434855505746726,0,,,2.391425842911211,,,False,1.0,paper-run-baselines-scaling-su2_haar-n10-s1
iris01,su2_haar,Adam,1,10,0.464581523985095,0.353777028910175,2.34626952716862,0.1407761716301171,0,,,2.34626952716862,,,False,1.0,paper-run-baselines-scaling-su2_haar-n10-s1
iris01,su2_haar,Adam,1,11,0.634852596914731,0.8588174459209492,2.3294993724125685,0.1397699623447541,0,,,2.3294993724125685,,,False,1.0,paper-run-baselines-scaling-su2_haar-n10-s1
iris01,su2_haar,Adam,1,12,0.2875912850808768,0.5435535897276632,2.26852427433358,0.1361114564600147,0,,,2.26852427433358,,,False,1.0,paper-run-baselines-scaling-su2_haar-n10-s1
iris01,su2_haar,Adam,1,13,0.2579265036787119,0.610485368004447,2.1869960885591384,0.1312197653135483,0,,,2.1869960885591384,,,False,1.0,paper-run-baselines-scaling-su2_haar-n10-s1
iris01,su2_haar,Adam,1,14,0.5154276542793326,0.681638889133134,2.2908841114668186,0.1374530466880091,0,,,2.2908841114668186,,,False,1.0,paper-run-baselines-scaling-su2_haar-n10-s1
iris01,su2_haar,Adam,1,15,0.2577773934515138,0.4386750272624476,2.2131558940032177,0.132789353640193,0,,,2.2131558940032177,,,False,1.0,paper-run-baselines-scaling-su2_haar-n10-s1
iris01,su2_haar,Adam,1,16,0.2663180244100387,0.5208633783929549,2.0059656696693424,0.1203579401801605,0,,,2.0059656696693424,,,False,1.0,paper-run-baselines-scaling-su2_haar-n10-s1
iris01,su2_haar,Adam,1,17,0.2505723195891176,0.5773731613317576,1.953719437169994,0.1172231662301996,0,,,1.953719437169994,,,False,1.0,paper-run-baselines-scaling-su2_haar-n10-s1
iris01,su2_haar,Adam,1,18,0.2456115540798464,0.5650815382723745,1.8539023516514324,0.1112341410990859,0,,,1.8539023516514324,,,False,1.0,paper-run-baselines-scaling-su2_haar-n10-s1
iris01,su2_haar,Adam,1,19,0.4220426539785866,0.6592785134488668,1.6488892161122677,0.098933352966736,0,,,1.6488892161122677,,,False,1.0,paper-run-baselines-scaling-su2_haar-n10-s1
iris01,su2_haar,Adam,1,20,0.1568033814548813,0.4659546531864488,1.627062814037556,0.0976237688422533,0,,,1.627062814037556,,,False,1.0,paper-run-baselines-scaling-su2_haar-n10-s1
iris01,su2_haar,SGD,2,1,0.9331038599549758,1.5419574720483724,1.5419574720483724,0.1541957472048372,0,,,1.5419574720483724,,,False,1.0,paper-run-baselines-scaling-su2_haar-n10-s2
iris01,su2_haar,SGD,2,2,0.369591692048844,1.008672883230365,1.008672883230365,0.1008672883230365,0,,,1.008672883230365,,,False,1.0,paper-run-baselines-scaling-su2_haar-n10-s2
iris01,su2_haar,SGD,2,3,0.4846935493963287,1.1888290122134406,1.1888290122134406,0.118882901221344,0,,,1.1888290122134406,,,False,1.0,paper-run-baselines-scaling-su2_haar-n10-s2
iris01,su2_haar,SGD,2,4,0.5509116674573388,1.232100133998724,1.232100133998724,0.1232100133998723,0,,,1.232100133998724,,,False,1.0,paper-run-baselines-scaling-su2_haar-n10-s2
iris01,su2_haar,SGD,2,5,1.0700772788936772,2.0516154459701776,2.0516154459701776,0.2051615445970177,0,,,2.0516154459701776,,,False,1.0,paper-run-baselines-scaling-su2_haar-n10-s2
iris01,su2_haar,SGD,2,6,0.1422972755781422,0.5047331916971253,0.5047331916971253,0.0504733191697125,0,,,0.5047331916971253,,,False,1.0,paper-run-baselines-scaling-su2_haar-n10-s2
iris01,su2_haar,SGD,2,7,0.26948515080047,0.7206606819270631,0.7206606819270631,0.0720660681927063,0,,,0.7206606819270631,,,False,1.0,paper-run-baselines-scaling-su2_haar-n10-s2
iris01,su2_haar,SGD,2,8,0.2652886766686761,0.5808615682404101,0.5808615682404101,0.058086156824041,0,,,0.5808615682404101,,,False,1.0,paper-run-baselines-scaling-su2_haar-n10-s2
iris01,su2_haar,SGD,2,9,0.0939173547304242,0.3449792750334787,0.3449792750334787,0.0344979275033478,0,,,0.3449792750334787,,,False,1.0,paper-run-baselines-scaling-su2_haar-n10-s2
iris01,su2_haar,SGD,2,10,0.3287082052883487,0.9385588427317624,0.9385588427317624,0.0938558842731762,0,,,0.9385588427317624,,,False,1.0,paper-run-baselines-scaling-su2_haar-n10-s2
iris01,su2_haar,SGD,2,11,0.2571800931476857,0.587118053050867,0.587118053050867,0.0587118053050867,0,,,0.587118053050867,,,False,1.0,paper-run-baselines-scaling-su2_haar-n10-s2
iris01,su2_haar,SGD,2,12,0.0653691081024245,0.1890402329907691,0.1890402329907691,0.0189040232990769,0,,,0.1890402329907691,,,False,1.0,paper-run-baselines-scaling-su2_haar-n10-s2
iris01,su2_haar,SGD,2,13,0.7709044514208665,0.453552363366315,0.453552363366315,0.0453552363366315,0,,,0.453552363366315,,,False,1.0,paper-run-baselines-scaling-su2_haar-n10-s2
iris01,su2_haar,SGD,2,14,0.1477166355012956,0.4098397984579917,0.4098397984579917,0.0409839798457991,0,,,0.4098397984579917,,,False,1.0,paper-run-baselines-scaling-su2_haar-n10-s2
iris01,su2_haar,SGD,2,15,0.1481353014752955,0.3727722388047367,0.3727722388047367,0.0372772238804736,0,,,0.3727722388047367,,,False,1.0,paper-run-baselines-scaling-su2_haar-n10-s2
iris01,su2_haar,SGD,2,16,0.2540949982686558,0.4748147658652271,0.4748147658652271,0.0474814765865227,0,,,0.4748147658652271,,,False,1.0,paper-run-baselines-scaling-su2_haar-n10-s2
iris01,su2_haar,SGD,2,17,0.0665798595241049,0.186729826066455,0.186729826066455,0.0186729826066455,0,,,0.186729826066455,,,False,1.0,paper-run-baselines-scaling-su2_haar-n10-s2
iris01,su2_haar,SGD,2,18,0.1708533547004691,0.3997538612853275,0.3997538612853275,0.0399753861285327,0,,,0.3997538612853275,,,False,1.0,paper-run-baselines-scaling-su2_haar-n10-s2
iris01,su2_haar,SGD,2,19,0.094642118660676,0.2701788050062466,0.2701788050062466,0.0270178805006246,0,,,0.2701788050062466,,,False,1.0,paper-run-baselines-scaling-su2_haar-n10-s2
iris01,su2_haar,SGD,2,20,0.4196154792156046,0.7532276439391039,0.7532276439391039,0.0753227643939103,0,,,0.7532276439391039,,,False,1.0,paper-run-baselines-scaling-su2_haar-n10-s2
iris01,su2_haar,Adam,2,1,0.9331038599549758,1.5419574720483724,5.196151482864124,0.3117690889718474,0,,,5.196151482864124,,,False,1.0,paper-run-baselines-scaling-su2_haar-n10-s2
iris01,su2_haar,Adam,2,2,0.3216082995837775,0.9109456134696118,4.416768641289144,0.2650061184773486,0,,,4.416768641289144,,,False,1.0,paper-run-baselines-scaling-su2_haar-n10-s2
iris01,su2_haar,Adam,2,3,0.3119801946779158,0.8095259988002552,4.082082234229519,0.2449249340537711,0,,,4.082082234229519,,,False,1.0,paper-run-baselines-scaling-su2_haar-n10-s2
iris01,su2_haar,Adam,2,4,0.4263739362110648,0.9319102553613864,3.5853217569313003,0.215119305415878,0,,,3.5853217569313003,,,False,1.0,paper-run-baselines-scaling-su2_haar-n10-s2
iris01,su2_haar,Adam,2,5,1.0347100120486246,2.135064199278839,3.430237739947263,0.2058142643968357,0,,,3.430237739947263,,,False,1.0,paper-run-baselines-scaling-su2_haar-n10-s2
iris01,su2_haar,Adam,2,6,0.1045317992778455,0.3757531130247192,2.858593849754046,0.1715156309852427,0,,,2.858593849754046,,,False,1.0,paper-run-baselines-scaling-su2_haar-n10-s2
iris01,su2_haar,Adam,2,7,0.2182639346085677,0.6004392529558634,2.5990192486710684,0.155941154920264,0,,,2.5990192486710684,,,False,1.0,paper-run-baselines-scaling-su2_haar-n10-s2
iris01,su2_haar,Adam,2,8,0.1852905585888365,0.4483586175419553,2.4789602009379057,0.1487376120562743,0,,,2.4789602009379057,,,False,1.0,paper-run-baselines-scaling-su2_haar-n10-s2
iris01,su2_haar,Adam,2,9,0.1198341249183532,0.376241074394406,2.327247239240528,0.1396348343544316,0,,,2.327247239240528,,,False,1.0,paper-run-baselines-scaling-su2_haar-n10-s2
iris01,su2_haar,Adam,2,10,0.3786586469356656,0.955040348367354,2.456304738675475,0.1473782843205285,0,,,2.456304738675475,,,False,1.0,paper-run-baselines-scaling-su2_haar-n10-s2
iris01,su2_haar,Adam,2,11,0.2929908024033077,0.7021401318120781,2.4709512505591853,0.1482570750335511,0,,,2.4709512505591853,,,False,1.0,paper-run-baselines-scaling-su2_haar-n10-s2
iris01,su2_haar,Adam,2,12,0.1119660671640883,0.3646449720741876,2.312254418404841,0.1387352651042904,0,,,2.312254418404841,,,False,1.0,paper-run-baselines-scaling-su2_haar-n10-s2
iris01,su2_haar,Adam,2,13,0.7362140720939048,0.8392960550745564,2.0313915522704944,0.1218834931362296,0,,,2.0313915522704944,,,False,1.0,paper-run-baselines-scaling-su2_haar-n10-s2
iris01,su2_haar,Adam,2,14,0.1264211543668602,0.3044806197100651,1.9029513654460573,0.1141770819267634,0,,,1.9029513654460573,,,False,1.0,paper-run-baselines-scaling-su2_haar-n10-s2
iris01,su2_haar,Adam,2,15,0.1181807355406415,0.3481433765077024,1.7512895500949668,0.105077373005698,0,,,1.7512895500949668,,,False,1.0,paper-run-baselines-scaling-su2_haar-n10-s2
iris01,su2_haar,Adam,2,16,0.2203845557195924,0.4566429191743272,1.5221507920338022,0.0913290475220281,0,,,1.5221507920338022,,,False,1.0,paper-run-baselines-scaling-su2_haar-n10-s2
iris01,su2_haar,Adam,2,17,0.1302654568250896,0.3569997872483145,1.3605999509934177,0.081635997059605,0,,,1.3605999509934177,,,False,1.0,paper-run-baselines-scaling-su2_haar-n10-s2
iris01,su2_haar,Adam,2,18,0.1630531898158694,0.3358208572640337,1.2318166231467087,0.0739089973888025,0,,,1.2318166231467087,,,False,1.0,paper-run-baselines-scaling-su2_haar-n10-s2
iris01,su2_haar,Adam,2,19,0.2233997589947102,0.8049220143185025,1.4534774245948376,0.0872086454756902,0,,,1.4534774245948376,,,False,1.0,paper-run-baselines-scaling-su2_haar-n10-s2
iris01,su2_haar,Adam,2,20,0.3735795654085213,0.5504988955542077,1.586453272219772,0.0951871963331863,0,,,1.586453272219772,,,False,1.0,paper-run-baselines-scaling-su2_haar-n10-s2
iris01,su2_haar,SGD,3,1,1.005726549442279,1.125290724337291,1.125290724337291,0.1125290724337291,0,,,1.125290724337291,,,False,1.0,paper-run-baselines-scaling-su2_haar-n10-s3
iris01,su2_haar,SGD,3,2,0.9310731708983424,1.236806251155273,1.236806251155273,0.1236806251155273,0,,,1.236806251155273,,,False,1.0,paper-run-baselines-scaling-su2_haar-n10-s3
iris01,su2_haar,SGD,3,3,0.7614398679441694,0.8544538509449785,0.8544538509449785,0.0854453850944978,0,,,0.8544538509449785,,,False,1.0,paper-run-baselines-scaling-su2_haar-n10-s3
iris01,su2_haar,SGD,3,4,0.6423475453171623,0.5500925034090671,0.5500925034090671,0.0550092503409067,0,,,0.5500925034090671,,,False,1.0,paper-run-baselines-scaling-su2_haar-n10-s3
iris01,su2_haar,SGD,3,5,0.6857555980985142,0.787592228976719,0.787592228976719,0.0787592228976719,0,,,0.787592228976719,,,False,1.0,paper-run-baselines-scaling-su2_haar-n10-s3
iris01,su2_haar,SGD,3,6,0.5106227890832478,0.670214415281987,0.670214415281987,0.0670214415281987,0,,,0.670214415281987,,,False,1.0,paper-run-baselines-scaling-su2_haar-n10-s3
iris01,su2_haar,SGD,3,7,0.6438911527570531,0.6152568638083695,0.6152568638083695,0.0615256863808369,0,,,0.6152568638083695,,,False,1.0,paper-run-baselines-scaling-su2_haar-n10-s3
iris01,su2_haar,SGD,3,8,0.6868909164933116,0.7386782946054335,0.7386782946054335,0.0738678294605433,0,,,0.7386782946054335,,,False,1.0,paper-run-baselines-scaling-su2_haar-n10-s3
iris01,su2_haar,SGD,3,9,0.6473233222118288,0.7657856282591385,0.7657856282591385,0.0765785628259138,0,,,0.7657856282591385,,,False,1.0,paper-run-baselines-scaling-su2_haar-n10-s3
iris01,su2_haar,SGD,3,10,0.541050000657447,0.852083016776075,0.852083016776075,0.0852083016776075,0,,,0.852083016776075,,,False,1.0,paper-run-baselines-scaling-su2_haar-n10-s3
iris01,su2_haar,SGD,3,11,0.7307001510675345,0.7241920109163023,0.7241920109163023,0.0724192010916302,0,,,0.7241920109163023,,,False,1.0,paper-run-baselines-scaling-su2_haar-n10-s3
iris01,su2_haar,SGD,3,12,0.4698297701207593,0.5313123392700903,0.5313123392700903,0.053131233927009,0,,,0.5313123392700903,,,False,1.0,paper-run-baselines-scaling-su2_haar-n10-s3
iris01,su2_haar,SGD,3,13,0.5255777481323448,0.586026645008894,0.586026645008894,0.0586026645008894,0,,,0.586026645008894,,,False,1.0,paper-run-baselines-scaling-su2_haar-n10-s3
iris01,su2_haar,SGD,3,14,0.2903517059666858,0.4707918777370908,0.4707918777370908,0.047079187773709,0,,,0.4707918777370908,,,False,1.0,paper-run-baselines-scaling-su2_haar-n10-s3
iris01,su2_haar,SGD,3,15,0.3610799409473073,0.4587135345643493,0.4587135345643493,0.0458713534564349,0,,,0.4587135345643493,,,False,1.0,paper-run-baselines-scaling-su2_haar-n10-s3
iris01,su2_haar,SGD,3,16,0.5823636251380558,0.7088447133560395,0.7088447133560395,0.0708844713356039,0,,,0.7088447133560395,,,False,1.0,paper-run-baselines-scaling-su2_haar-n10-s3
iris01,su2_haar,SGD,3,17,0.5038385128011359,0.5198394401148828,0.5198394401148828,0.0519839440114882,0,,,0.5198394401148828,,,False,1.0,paper-run-baselines-scaling-su2_haar-n10-s3
iris01,su2_haar,SGD,3,18,0.3480920254762151,0.4493104983591993,0.4493104983591993,0.0449310498359199,0,,,0.4493104983591993,,,False,1.0,paper-run-baselines-scaling-su2_haar-n10-s3
iris01,su2_haar,SGD,3,19,0.450959464842295,0.378565783719298,0.378565783719298,0.0378565783719298,0,,,0.378565783719298,,,False,1.0,paper-run-baselines-scaling-su2_haar-n10-s3
iris01,su2_haar,SGD,3,20,0.3456736392058069,0.5142108790880523,0.5142108790880523,0.0514210879088052,0,,,0.5142108790880523,,,False,1.0,paper-run-baselines-scaling-su2_haar-n10-s3
iris01,su2_haar,Adam,3,1,1.005726549442279,1.125290724337291,5.196150439670476,0.3117690263802286,0,,,5.196150439670476,,,False,1.0,paper-run-baselines-scaling-su2_haar-n10-s3
iris01,su2_haar,Adam,3,2,0.7847062950476082,1.0758586594431447,4.753331427549749,0.2851998856529849,0,,,4.753331427549749,,,False,1.0,paper-run-baselines-scaling-su2_haar-n10-s3
iris01,su2_haar,Adam,3,3,0.7336437462470703,0.8621949026928689,3.5947596138945004,0.21568557683367,0,,,3.5947596138945004,,,False,1.0,paper-run-baselines-scaling-su2_haar-n10-s3
iris01,su2_haar,Adam,3,4,0.6103610752842412,0.5297955777184421,3.076236624630969,0.1845741974778581,0,,,3.076236624630969,,,False,1.0,paper-run-baselines-scaling-su2_haar-n10-s3
iris01,su2_haar,Adam,3,5,0.4850280904921162,0.4911010557505963,2.8301119589246038,0.1698067175354762,0,,,2.8301119589246038,,,False,1.0,paper-run-baselines-scaling-su2_haar-n10-s3
iris01,su2_haar,Adam,3,6,0.3480707763390986,0.4640204249624681,2.8170577208140317,0.1690234632488418,0,,,2.8170577208140317,,,False,1.0,paper-run-baselines-scaling-su2_haar-n10-s3
iris01,su2_haar,Adam,3,7,0.4762494452655844,0.2889117963908385,2.669147172524088,0.1601488303514452,0,,,2.669147172524088,,,False,1.0,paper-run-baselines-scaling-su2_haar-n10-s3
iris01,su2_haar,Adam,3,8,0.5723700337523292,0.5028388925393681,2.5632974335700878,0.1537978460142052,0,,,2.5632974335700878,,,False,1.0,paper-run-baselines-scaling-su2_haar-n10-s3
iris01,su2_haar,Adam,3,9,0.4406028686735619,0.4301859814068004,2.6314988740484067,0.1578899324429044,0,,,2.6314988740484067,,,False,1.0,paper-run-baselines-scaling-su2_haar-n10-s3
iris01,su2_haar,Adam,3,10,0.32299942442169,0.5279858937609672,2.700224193771849,0.1620134516263109,0,,,2.700224193771849,,,False,1.0,paper-run-baselines-scaling-su2_haar-n10-s3
iris01,su2_haar,Adam,3,11,0.4373394849709775,0.4309908188978173,2.792304832380567,0.167538289942834,0,,,2.792304832380567,,,False,1.0,paper-run-baselines-scaling-su2_haar-n10-s3
iris01,su2_haar,Adam,3,12,0.4068357223461711,0.7100941626089633,2.511440077812425,0.1506864046687454,0,,,2.511440077812425,,,False,1.0,paper-run-baselines-scaling-su2_haar-n10-s3
iris01,su2_haar,Adam,3,13,0.3002106861593165,0.3286165063311866,2.433773199480985,0.1460263919688591,0,,,2.433773199480985,,,False,1.0,paper-run-baselines-scaling-su2_haar-n10-s3
iris01,su2_haar,Adam,3,14,0.2222856630354796,0.2986423447959475,2.139921197865128,0.1283952718719076,0,,,2.139921197865128,,,False,1.0,paper-run-baselines-scaling-su2_haar-n10-s3
iris01,su2_haar,Adam,3,15,0.2572275588319861,0.4248808680185023,1.857918492164515,0.1114751095298709,0,,,1.857918492164515,,,False,1.0,paper-run-baselines-scaling-su2_haar-n10-s3
iris01,su2_haar,Adam,3,16,0.2957606811957901,0.4665695206185562,1.979724220333709,0.1187834532200225,0,,,1.979724220333709,,,False,1.0,paper-run-baselines-scaling-su2_haar-n10-s3
iris01,su2_haar,Adam,3,17,0.3133343111924385,0.269091912000849,1.949719286450208,0.1169831571870124,0,,,1.949719286450208,,,False,1.0,paper-run-baselines-scaling-su2_haar-n10-s3
iris01,su2_haar,Adam,3,18,0.3095862627275816,0.2379781854008789,1.7437083576627526,0.1046225014597651,0,,,1.7437083576627526,,,False,1.0,paper-run-baselines-scaling-su2_haar-n10-s3
iris01,su2_haar,Adam,3,19,0.5147152993100255,0.3551940951148529,1.6589614018333148,0.0995376841099988,0,,,1.6589614018333148,,,False,1.0,paper-run-baselines-scaling-su2_haar-n10-s3
iris01,su2_haar,Adam,3,20,0.2653052658437371,0.2915872786676001,1.5803609052104264,0.0948216543126255,0,,,1.5803609052104264,,,False,1.0,paper-run-baselines-scaling-su2_haar-n10-s3
iris01,su2_haar,SGD,4,1,0.9025792903994072,1.7100468317435824,1.7100468317435824,0.1710046831743582,0,,,1.7100468317435824,,,False,1.0,paper-run-baselines-scaling-su2_haar-n10-s4
iris01,su2_haar,SGD,4,2,0.7978493008523605,1.4305692995781536,1.4305692995781536,0.1430569299578153,0,,,1.4305692995781536,,,False,1.0,paper-run-baselines-scaling-su2_haar-n10-s4
iris01,su2_haar,SGD,4,3,0.6010036647576377,0.7875113972051634,0.7875113972051634,0.0787511397205163,0,,,0.7875113972051634,,,False,1.0,paper-run-baselines-scaling-su2_haar-n10-s4
iris01,su2_haar,SGD,4,4,0.6038781289174625,0.6477138098153961,0.6477138098153961,0.0647713809815396,0,,,0.6477138098153961,,,False,1.0,paper-run-baselines-scaling-su2_haar-n10-s4
iris01,su2_haar,SGD,4,5,0.472819419955214,0.5460117647926407,0.5460117647926407,0.054601176479264,0,,,0.5460117647926407,,,False,1.0,paper-run-baselines-scaling-su2_haar-n10-s4
iris01,su2_haar,SGD,4,6,0.5734974885773263,1.001013342230732,1.001013342230732,0.1001013342230732,0,,,1.001013342230732,,,False,1.0,paper-run-baselines-scaling-su2_haar-n10-s4
iris01,su2_haar,SGD,4,7,0.6778442915296804,1.2113748469590957,1.2113748469590957,0.1211374846959095,0,,,1.2113748469590957,,,False,1.0,paper-run-baselines-scaling-su2_haar-n10-s4
iris01,su2_haar,SGD,4,8,0.432828665305959,0.793198745944399,0.793198745944399,0.0793198745944399,0,,,0.793198745944399,,,False,1.0,paper-run-baselines-scaling-su2_haar-n10-s4
iris01,su2_haar,SGD,4,9,0.2015042606164748,0.421298937522909,0.421298937522909,0.0421298937522909,0,,,0.421298937522909,,,False,1.0,paper-run-baselines-scaling-su2_haar-n10-s4
iris01,su2_haar,SGD,4,10,0.6055667902671116,1.0848882763039849,1.0848882763039849,0.1084888276303984,0,,,1.0848882763039849,,,False,1.0,paper-run-baselines-scaling-su2_haar-n10-s4
iris01,su2_haar,SGD,4,11,0.3900593205772891,0.7069598452443634,0.7069598452443634,0.0706959845244363,0,,,0.7069598452443634,,,False,1.0,paper-run-baselines-scaling-su2_haar-n10-s4
iris01,su2_haar,SGD,4,12,0.3669162168551593,0.3724746184860224,0.3724746184860224,0.0372474618486022,0,,,0.3724746184860224,,,False,1.0,paper-run-baselines-scaling-su2_haar-n10-s4
iris01,su2_haar,SGD,4,13,0.7255936187716034,0.6164742348398334,0.6164742348398334,0.0616474234839833,0,,,0.6164742348398334,,,False,1.0,paper-run-baselines-scaling-su2_haar-n10-s4
iris01,su2_haar,SGD,4,14,0.3678946740955869,0.6044680068299945,0.6044680068299945,0.0604468006829994,0,,,0.6044680068299945,,,False,1.0,paper-run-baselines-scaling-su2_haar-n10-s4
iris01,su2_haar,SGD,4,15,0.1979578518025175,0.5107226985057919,0.5107226985057919,0.0510722698505791,0,,,0.5107226985057919,,,False,1.0,paper-run-baselines-scaling-su2_haar-n10-s4
iris01,su2_haar,SGD,4,16,0.2813174553494434,0.5431132906382332,0.5431132906382332,0.0543113290638233,0,,,0.5431132906382332,,,False,1.0,paper-run-baselines-scaling-su2_haar-n10-s4
iris01,su2_haar,SGD,4,17,0.3977617787918779,0.5295460968109066,0.5295460968109066,0.0529546096810906,0,,,0.5295460968109066,,,False,1.0,paper-run-baselines-scaling-su2_haar-n10-s4
iris01,su2_haar,SGD,4,18,0.548911859726698,1.416212394386981,1.416212394386981,0.1416212394386981,0,,,1.416212394386981,,,False,1.0,paper-run-baselines-scaling-su2_haar-n10-s4
iris01,su2_haar,SGD,4,19,0.2651385947078431,0.5140462848988218,0.5140462848988218,0.0514046284898821,0,,,0.5140462848988218,,,False,1.0,paper-run-baselines-scaling-su2_haar-n10-s4
iris01,su2_haar,SGD,4,20,0.4210555140658985,0.5484451585918111,0.5484451585918111,0.0548445158591811,0,,,0.5484451585918111,,,False,1.0,paper-run-baselines-scaling-su2_haar-n10-s4
iris01,su2_haar,Adam,4,1,0.9025792903994072,1.7100468317435824,5.19615170776653,0.3117691024659918,0,,,5.19615170776653,,,False,1.0,paper-run-baselines-scaling-su2_haar-n10-s4
iris01,su2_haar,Adam,4,2,0.7689889429048983,1.4130559166558012,4.2064323409816895,0.2523859404589013,0,,,4.2064323409816895,,,False,1.0,paper-run-baselines-scaling-su2_haar-n10-s4
iris01,su2_haar,Adam,4,3,0.6891716431143844,1.0422336683035935,3.427107680008006,0.2056264608004803,0,,,3.427107680008006,,,False,1.0,paper-run-baselines-scaling-su2_haar-n10-s4
iris01,su2_haar,Adam,4,4,0.5925704678773589,0.6070934213393608,3.2218229324358725,0.1933093759461523,0,,,3.2218229324358725,,,False,1.0,paper-run-baselines-scaling-su2_haar-n10-s4
iris01,su2_haar,Adam,4,5,0.3556058004585145,0.4853926449133648,3.102631193369357,0.1861578716021614,0,,,3.102631193369357,,,False,1.0,paper-run-baselines-scaling-su2_haar-n10-s4
iris01,su2_haar,Adam,4,6,0.2905965576993302,0.4465683409158995,3.015693884029321,0.1809416330417592,0,,,3.015693884029321,,,False,1.0,paper-run-baselines-scaling-su2_haar-n10-s4
iris01,su2_haar,Adam,4,7,0.4098019273656512,0.9548084038558508,2.8745876363142933,0.1724752581788576,0,,,2.8745876363142933,,,False,1.0,paper-run-baselines-scaling-su2_haar-n10-s4
iris01,su2_haar,Adam,4,8,0.2049178532741831,0.3371892475588363,2.703985421614601,0.162239125296876,0,,,2.703985421614601,,,False,1.0,paper-run-baselines-scaling-su2_haar-n10-s4
iris01,su2_haar,Adam,4,9,0.123107987284356,0.3534906631778554,2.4078146031126244,0.1444688761867574,0,,,2.4078146031126244,,,False,1.0,paper-run-baselines-scaling-su2_haar-n10-s4
iris01,su2_haar,Adam,4,10,0.5526197950345302,1.2131579373202273,2.20651588215849,0.1323909529295094,0,,,2.20651588215849,,,False,1.0,paper-run-baselines-scaling-su2_haar-n10-s4
iris01,su2_haar,Adam,4,11,0.4568788765053153,0.960765366107537,2.141883381129821,0.1285130028677892,0,,,2.141883381129821,,,False,1.0,paper-run-baselines-scaling-su2_haar-n10-s4
iris01,su2_haar,Adam,4,12,0.3241070434272893,0.4863324256357949,1.9609097478345443,0.1176545848700726,0,,,1.9609097478345443,,,False,1.0,paper-run-baselines-scaling-su2_haar-n10-s4
iris01,su2_haar,Adam,4,13,0.5266750999371246,0.6421286480094955,1.82435481121644,0.1094612886729863,0,,,1.82435481121644,,,False,1.0,paper-run-baselines-scaling-su2_haar-n10-s4
iris01,su2_haar,Adam,4,14,0.1735234026746028,0.4510796730689442,1.788502329277731,0.1073101397566638,0,,,1.788502329277731,,,False,1.0,paper-run-baselines-scaling-su2_haar-n10-s4
iris01,su2_haar,Adam,4,15,0.122553237054538,0.3578267983322753,1.7176636564787382,0.1030598193887242,0,,,1.7176636564787382,,,False,1.0,paper-run-baselines-scaling-su2_haar-n10-s4
iris01,su2_haar,Adam,4,16,0.1177265831559734,0.3156134426616819,1.6542007618606205,0.0992520457116372,0,,,1.6542007618606205,,,False,1.0,paper-run-baselines-scaling-su2_haar-n10-s4
iris01,su2_haar,Adam,4,17,0.3052676064468814,0.6057616100530134,1.6203076649018469,0.0972184598941108,0,,,1.6203076649018469,,,False,1.0,paper-run-baselines-scaling-su2_haar-n10-s4
iris01,su2_haar,Adam,4,18,0.6018325988923837,1.6491859370941595,1.8800309464806095,0.1128018567888365,0,,,1.8800309464806095,,,False,1.0,paper-run-baselines-scaling-su2_haar-n10-s4
iris01,su2_haar,Adam,4,19,0.1672764561231298,0.4045932132676917,1.6786816746064472,0.1007209004763868,0,,,1.6786816746064472,,,False,1.0,paper-run-baselines-scaling-su2_haar-n10-s4
iris01,su2_haar,Adam,4,20,0.5882344256130806,1.155800516045561,1.5671476304135563,0.0940288578248133,0,,,1.5671476304135563,,,False,1.0,paper-run-baselines-scaling-su2_haar-n10-s4
iris01,su2_haar,SGD,0,1,1.3918163920425242,1.5236607364360066,1.5236607364360066,0.1523660736436006,0,,,1.5236607364360066,,,False,1.0,paper-run-baselines-scaling-su2_haar-n8-s0
iris01,su2_haar,SGD,0,2,1.3882915976114785,1.0180824256321883,1.0180824256321883,0.1018082425632188,0,,,1.0180824256321883,,,False,1.0,paper-run-baselines-scaling-su2_haar-n8-s0
iris01,su2_haar,SGD,0,3,1.2496565096617158,1.2428164074845536,1.2428164074845536,0.1242816407484553,0,,,1.2428164074845536,,,False,1.0,paper-run-baselines-scaling-su2_haar-n8-s0
iris01,su2_haar,SGD,0,4,1.120866004215106,1.259710485734324,1.259710485734324,0.1259710485734324,0,,,1.259710485734324,,,False,1.0,paper-run-baselines-scaling-su2_haar-n8-s0
iris01,su2_haar,SGD,0,5,0.6983472103246906,1.2622628516228709,1.2622628516228709,0.1262262851622871,0,,,1.2622628516228709,,,False,1.0,paper-run-baselines-scaling-su2_haar-n8-s0
iris01,su2_haar,SGD,0,6,0.6035842273708113,0.7441266718824262,0.7441266718824262,0.0744126671882426,0,,,0.7441266718824262,,,False,1.0,paper-run-baselines-scaling-su2_haar-n8-s0
iris01,su2_haar,SGD,0,7,0.6576679644915506,0.8277802185311377,0.8277802185311377,0.0827780218531137,0,,,0.8277802185311377,,,False,1.0,paper-run-baselines-scaling-su2_haar-n8-s0
iris01,su2_haar,SGD,0,8,1.1315887780809784,1.4414720577908051,1.4414720577908051,0.1441472057790805,0,,,1.4414720577908051,,,False,1.0,paper-run-baselines-scaling-su2_haar-n8-s0
iris01,su2_haar,SGD,0,9,0.9364275593020271,0.7950715165372626,0.7950715165372626,0.0795071516537262,0,,,0.7950715165372626,,,False,1.0,paper-run-baselines-scaling-su2_haar-n8-s0
iris01,su2_haar,SGD,0,10,0.8313410832388453,0.9961649382734644,0.9961649382734644,0.0996164938273464,0,,,0.9961649382734644,,,False,1.0,paper-run-baselines-scaling-su2_haar-n8-s0
iris01,su2_haar,SGD,0,11,0.6406186410625494,0.7579531771010163,0.7579531771010163,0.0757953177101016,0,,,0.7579531771010163,,,False,1.0,paper-run-baselines-scaling-su2_haar-n8-s0
iris01,su2_haar,SGD,0,12,0.9219749489026988,1.0711456006252382,1.0711456006252382,0.1071145600625238,0,,,1.0711456006252382,,,False,1.0,paper-run-baselines-scaling-su2_haar-n8-s0
iris01,su2_haar,SGD,0,13,0.6732763525574407,0.8165974468800972,0.8165974468800972,0.0816597446880097,0,,,0.8165974468800972,,,False,1.0,paper-run-baselines-scaling-su2_haar-n8-s0
iris01,su2_haar,SGD,0,14,0.4707548160140049,0.5860565844674142,0.5860565844674142,0.0586056584467414,0,,,0.5860565844674142,,,False,1.0,paper-run-baselines-scaling-su2_haar-n8-s0
iris01,su2_haar,SGD,0,15,0.6233394006460816,0.7382735836627498,0.7382735836627498,0.0738273583662749,0,,,0.7382735836627498,,,False,1.0,paper-run-baselines-scaling-su2_haar-n8-s0
iris01,su2_haar,SGD,0,16,0.5689758898960116,1.22576943518349,1.22576943518349,0.122576943518349,0,,,1.22576943518349,,,False,1.0,paper-run-baselines-scaling-su2_haar-n8-s0
iris01,su2_haar,SGD,0,17,0.8035658837390186,1.0794110182002077,1.0794110182002077,0.1079411018200207,0,,,1.0794110182002077,,,False,1.0,paper-run-baselines-scaling-su2_haar-n8-s0
iris01,su2_haar,SGD,0,18,0.6371560213578794,1.131103918959627,1.131103918959627,0.1131103918959627,0,,,1.131103918959627,,,False,1.0,paper-run-baselines-scaling-su2_haar-n8-s0
iris01,su2_haar,SGD,0,19,0.4897099771500115,1.0193391723313203,1.0193391723313203,0.101933917233132,0,,,1.0193391723313203,,,False,1.0,paper-run-baselines-scaling-su2_haar-n8-s0
iris01,su2_haar,SGD,0,20,0.5749648642964809,0.730756113692435,0.730756113692435,0.0730756113692435,0,,,0.730756113692435,,,False,1.0,paper-run-baselines-scaling-su2_haar-n8-s0
iris01,su2_haar,Adam,0,1,1.3918163920425242,1.5236607364360066,5.196151057237481,0.3117690634342488,0,,,5.196151057237481,,,False,1.0,paper-run-baselines-scaling-su2_haar-n8-s0
iris01,su2_haar,Adam,0,2,1.4376349177682588,1.0385550168808415,3.983706282410617,0.239022376944637,0,,,3.983706282410617,,,False,1.0,paper-run-baselines-scaling-su2_haar-n8-s0
iris01,su2_haar,Adam,0,3,1.070613206836164,1.105392914554188,3.7179437805950353,0.2230766268357021,0,,,3.7179437805950353,,,False,1.0,paper-run-baselines-scaling-su2_haar-n8-s0
iris01,su2_haar,Adam,0,4,0.8616716609371009,1.017914548983014,3.59970101292316,0.2159820607753896,0,,,3.59970101292316,,,False,1.0,paper-run-baselines-scaling-su2_haar-n8-s0
iris01,su2_haar,Adam,0,5,0.3842911060723074,0.8247300439607311,3.5046955443621277,0.2102817326617276,0,,,3.5046955443621277,,,False,1.0,paper-run-baselines-scaling-su2_haar-n8-s0
iris01,su2_haar,Adam,0,6,0.4409895363005036,0.6390814431852846,3.3343181155954493,0.2000590869357269,0,,,3.3343181155954493,,,False,1.0,paper-run-baselines-scaling-su2_haar-n8-s0
iris01,su2_haar,Adam,0,7,0.3886809247052526,0.5494084055050257,3.310880398577878,0.1986528239146726,0,,,3.310880398577878,,,False,1.0,paper-run-baselines-scaling-su2_haar-n8-s0
iris01,su2_haar,Adam,0,8,0.7131447720408283,1.2757161243230914,2.9487264674089566,0.1769235880445374,0,,,2.9487264674089566,,,False,1.0,paper-run-baselines-scaling-su2_haar-n8-s0
iris01,su2_haar,Adam,0,9,0.5790972879468195,0.6241067534513733,2.883676331386541,0.1730205798831924,0,,,2.883676331386541,,,False,1.0,paper-run-baselines-scaling-su2_haar-n8-s0
iris01,su2_haar,Adam,0,10,0.491935973993359,0.8784631467055632,2.799499486973349,0.1679699692184009,0,,,2.799499486973349,,,False,1.0,paper-run-baselines-scaling-su2_haar-n8-s0
iris01,su2_haar,Adam,0,11,0.3258511567775692,0.6695073552792886,2.5814492895689085,0.1548869573741345,0,,,2.5814492895689085,,,False,1.0,paper-run-baselines-scaling-su2_haar-n8-s0
iris01,su2_haar,Adam,0,12,0.5186926051540036,0.6801526848900648,2.4856366186460863,0.1491381971187651,0,,,2.4856366186460863,,,False,1.0,paper-run-baselines-scaling-su2_haar-n8-s0
iris01,su2_haar,Adam,0,13,0.3441728621647055,0.8259558961097366,2.5052445111533435,0.1503146706692006,0,,,2.5052445111533435,,,False,1.0,paper-run-baselines-scaling-su2_haar-n8-s0
iris01,su2_haar,Adam,0,14,0.2680000858465077,0.647226226172821,2.490141944180836,0.1494085166508501,0,,,2.490141944180836,,,False,1.0,paper-run-baselines-scaling-su2_haar-n8-s0
iris01,su2_haar,Adam,0,15,0.2044102179034752,0.469431606415611,2.338602787260473,0.1403161672356284,0,,,2.338602787260473,,,False,1.0,paper-run-baselines-scaling-su2_haar-n8-s0
iris01,su2_haar,Adam,0,16,0.2406701833870788,0.8287071424733157,2.4502760826843715,0.1470165649610622,0,,,2.4502760826843715,,,False,1.0,paper-run-baselines-scaling-su2_haar-n8-s0
iris01,su2_haar,Adam,0,17,0.2154902692554381,0.5028891952799355,2.289770662979424,0.1373862397787654,0,,,2.289770662979424,,,False,1.0,paper-run-baselines-scaling-su2_haar-n8-s0
iris01,su2_haar,Adam,0,18,0.1633727128192657,0.4669930451304805,2.28982287893416,0.1373893727360495,0,,,2.28982287893416,,,False,1.0,paper-run-baselines-scaling-su2_haar-n8-s0
iris01,su2_haar,Adam,0,19,0.0453144071278279,0.1703903821331341,2.0714862947901347,0.124289177687408,0,,,2.0714862947901347,,,False,1.0,paper-run-baselines-scaling-su2_haar-n8-s0
iris01,su2_haar,Adam,0,20,0.1584731810506019,0.2869223770392315,1.9398450716370212,0.1163907042982212,0,,,1.9398450716370212,,,False,1.0,paper-run-baselines-scaling-su2_haar-n8-s0
iris01,su2_haar,SGD,1,1,1.6812570057039524,1.9497365305485557,1.9497365305485557,0.1949736530548555,0,,,1.9497365305485557,,,False,1.0,paper-run-baselines-scaling-su2_haar-n8-s1
iris01,su2_haar,SGD,1,2,0.8906990956525058,1.3233181747673872,1.3233181747673872,0.1323318174767387,0,,,1.3233181747673872,,,False,1.0,paper-run-baselines-scaling-su2_haar-n8-s1
iris01,su2_haar,SGD,1,3,1.0250949698303753,1.0712320926740455,1.0712320926740455,0.1071232092674045,0,,,1.0712320926740455,,,False,1.0,paper-run-baselines-scaling-su2_haar-n8-s1
iris01,su2_haar,SGD,1,4,1.023677699471485,1.216964922218026,1.216964922218026,0.1216964922218026,0,,,1.216964922218026,,,False,1.0,paper-run-baselines-scaling-su2_haar-n8-s1
iris01,su2_haar,SGD,1,5,1.0205433733540166,0.8206016109344285,0.8206016109344285,0.0820601610934428,0,,,0.8206016109344285,,,False,1.0,paper-run-baselines-scaling-su2_haar-n8-s1
iris01,su2_haar,SGD,1,6,0.4801854057967395,0.8335465343799399,0.8335465343799399,0.0833546534379939,0,,,0.8335465343799399,,,False,1.0,paper-run-baselines-scaling-su2_haar-n8-s1
iris01,su2_haar,SGD,1,7,1.0398601728134973,1.1024079651540726,1.1024079651540726,0.1102407965154072,0,,,1.1024079651540726,,,False,1.0,paper-run-baselines-scaling-su2_haar-n8-s1
iris01,su2_haar,SGD,1,8,0.3493529488829456,0.8016574955533263,0.8016574955533263,0.0801657495553326,0,,,0.8016574955533263,,,False,1.0,paper-run-baselines-scaling-su2_haar-n8-s1
iris01,su2_haar,SGD,1,9,0.7032552165384879,0.8600454532337836,0.8600454532337836,0.0860045453233783,0,,,0.8600454532337836,,,False,1.0,paper-run-baselines-scaling-su2_haar-n8-s1
iris01,su2_haar,SGD,1,10,0.790625378990485,0.6992382411078369,0.6992382411078369,0.0699238241107837,0,,,0.6992382411078369,,,False,1.0,paper-run-baselines-scaling-su2_haar-n8-s1
iris01,su2_haar,SGD,1,11,0.8946657539852659,1.0024247572984757,1.0024247572984757,0.1002424757298475,0,,,1.0024247572984757,,,False,1.0,paper-run-baselines-scaling-su2_haar-n8-s1
iris01,su2_haar,SGD,1,12,0.3461314979225037,0.5864126193837098,0.5864126193837098,0.0586412619383709,0,,,0.5864126193837098,,,False,1.0,paper-run-baselines-scaling-su2_haar-n8-s1
iris01,su2_haar,SGD,1,13,0.467718605791601,0.6848463638964705,0.6848463638964705,0.068484636389647,0,,,0.6848463638964705,,,False,1.0,paper-run-baselines-scaling-su2_haar-n8-s1
iris01,su2_haar,SGD,1,14,0.8349671813734161,1.291612612415289,1.291612612415289,0.1291612612415288,0,,,1.291612612415289,,,False,1.0,paper-run-baselines-scaling-su2_haar-n8-s1
iris01,su2_haar,SGD,1,15,0.5349918073843201,0.9026893592633196,0.9026893592633196,0.0902689359263319,0,,,0.9026893592633196,,,False,1.0,paper-run-baselines-scaling-su2_haar-n8-s1
iris01,su2_haar,SGD,1,16,0.2193386081324058,0.4613235720179152,0.4613235720179152,0.0461323572017915,0,,,0.4613235720179152,,,False,1.0,paper-run-baselines-scaling-su2_haar-n8-s1
iris01,su2_haar,SGD,1,17,0.1071561311896127,0.2221467174627578,0.2221467174627578,0.0222146717462757,0,,,0.2221467174627578,,,False,1.0,paper-run-baselines-scaling-su2_haar-n8-s1
iris01,su2_haar,SGD,1,18,0.4639340939990845,0.6603760604501872,0.6603760604501872,0.0660376060450187,0,,,0.6603760604501872,,,False,1.0,paper-run-baselines-scaling-su2_haar-n8-s1
iris01,su2_haar,SGD,1,19,0.1828633512285125,0.3613241127090791,0.3613241127090791,0.0361324112709079,0,,,0.3613241127090791,,,False,1.0,paper-run-baselines-scaling-su2_haar-n8-s1
iris01,su2_haar,SGD,1,20,0.1462611264755186,0.2945014004461624,0.2945014004461624,0.0294501400446162,0,,,0.2945014004461624,,,False,1.0,paper-run-baselines-scaling-su2_haar-n8-s1
iris01,su2_haar,Adam,1,1,1.6812570057039524,1.9497365305485557,5.196151523206431,0.3117690913923858,0,,,5.196151523206431,,,False,1.0,paper-run-baselines-scaling-su2_haar-n8-s1
iris01,su2_haar,Adam,1,2,0.8467694597661164,1.268198656859627,4.116634891596286,0.2469980934957771,0,,,4.116634891596286,,,False,1.0,paper-run-baselines-scaling-su2_haar-n8-s1
iris01,su2_haar,Adam,1,3,0.8935421187037655,0.8912523770529124,3.732190300043433,0.2239314180026059,0,,,3.732190300043433,,,False,1.0,paper-run-baselines-scaling-su2_haar-n8-s1
iris01,su2_haar,Adam,1,4,0.7605029120769311,0.8587135796286249,3.4194302094500344,0.205165812567002,0,,,3.4194302094500344,,,False,1.0,paper-run-baselines-scaling-su2_haar-n8-s1
iris01,su2_haar,Adam,1,5,0.9257376807953374,0.6014637794162344,2.910203996311838,0.1746122397787102,0,,,2.910203996311838,,,False,1.0,paper-run-baselines-scaling-su2_haar-n8-s1
iris01,su2_haar,Adam,1,6,0.2627292498644217,0.4388526755087172,2.7196884816406266,0.1631813088984376,0,,,2.7196884816406266,,,False,1.0,paper-run-baselines-scaling-su2_haar-n8-s1
iris01,su2_haar,Adam,1,7,0.7839971802467273,0.7433917999886581,2.648502759994472,0.1589101655996683,0,,,2.648502759994472,,,False,1.0,paper-run-baselines-scaling-su2_haar-n8-s1
iris01,su2_haar,Adam,1,8,0.370645457384508,0.9974602825765984,2.2631875892798123,0.1357912553567887,0,,,2.2631875892798123,,,False,1.0,paper-run-baselines-scaling-su2_haar-n8-s1
iris01,su2_haar,Adam,1,9,0.5498170381000123,0.8299521836222733,2.31124225465418,0.1386745352792508,0,,,2.31124225465418,,,False,1.0,paper-run-baselines-scaling-su2_haar-n8-s1
iris01,su2_haar,Adam,1,10,0.5618011818972617,0.5285612166893258,2.304560097682473,0.1382736058609484,0,,,2.304560097682473,,,False,1.0,paper-run-baselines-scaling-su2_haar-n8-s1
iris01,su2_haar,Adam,1,11,0.7131806217790336,0.8157916283547377,2.1734184163396755,0.1304051049803805,0,,,2.1734184163396755,,,False,1.0,paper-run-baselines-scaling-su2_haar-n8-s1
iris01,su2_haar,Adam,1,12,0.4181977065811099,0.6750107907933651,2.0887373180118085,0.1253242390807085,0,,,2.0887373180118085,,,False,1.0,paper-run-baselines-scaling-su2_haar-n8-s1
iris01,su2_haar,Adam,1,13,0.2829308103220909,0.3950839844290384,2.042297772799987,0.1225378663679992,0,,,2.042297772799987,,,False,1.0,paper-run-baselines-scaling-su2_haar-n8-s1
iris01,su2_haar,Adam,1,14,0.3868809102809469,0.7151828828988542,1.8950797728772308,0.1137047863726338,0,,,1.8950797728772308,,,False,1.0,paper-run-baselines-scaling-su2_haar-n8-s1
iris01,su2_haar,Adam,1,15,0.2006930488142782,0.4301235891860197,1.8684786924426109,0.1121087215465566,0,,,1.8684786924426109,,,False,1.0,paper-run-baselines-scaling-su2_haar-n8-s1
iris01,su2_haar,Adam,1,16,0.3113319527910669,0.6306218140332225,1.7289108767460013,0.10373465260476,0,,,1.7289108767460013,,,False,1.0,paper-run-baselines-scaling-su2_haar-n8-s1
iris01,su2_haar,Adam,1,17,0.1221274439986245,0.2999284904535527,1.6436642513575377,0.0986198550814522,0,,,1.6436642513575377,,,False,1.0,paper-run-baselines-scaling-su2_haar-n8-s1
iris01,su2_haar,Adam,1,18,0.2613115366958491,0.4970490222426587,1.6070009154421117,0.0964200549265267,0,,,1.6070009154421117,,,False,1.0,paper-run-baselines-scaling-su2_haar-n8-s1
iris01,su2_haar,Adam,1,19,0.1971479110161474,0.4006567029296881,1.5209556152613148,0.0912573369156788,0,,,1.5209556152613148,,,False,1.0,paper-run-baselines-scaling-su2_haar-n8-s1
iris01,su2_haar,Adam,1,20,0.1505576543641042,0.2913740094060015,1.454745316810621,0.0872847190086372,0,,,1.454745316810621,,,False,1.0,paper-run-baselines-scaling-su2_haar-n8-s1
iris01,su2_haar,SGD,2,1,0.9311618181852742,0.7859915482676131,0.7859915482676131,0.0785991548267613,0,,,0.7859915482676131,,,False,1.0,paper-run-baselines-scaling-su2_haar-n8-s2
iris01,su2_haar,SGD,2,2,1.375409380959804,1.0062636553133086,1.0062636553133086,0.1006263655313308,0,,,1.0062636553133086,,,False,1.0,paper-run-baselines-scaling-su2_haar-n8-s2
iris01,su2_haar,SGD,2,3,1.049212790202284,0.9139435151307364,0.9139435151307364,0.0913943515130736,0,,,0.9139435151307364,,,False,1.0,paper-run-baselines-scaling-su2_haar-n8-s2
iris01,su2_haar,SGD,2,4,0.7408984204070151,1.235857307685716,1.235857307685716,0.1235857307685716,0,,,1.235857307685716,,,False,1.0,paper-run-baselines-scaling-su2_haar-n8-s2
iris01,su2_haar,SGD,2,5,0.5995592539151399,1.1841917551491343,1.1841917551491343,0.1184191755149134,0,,,1.1841917551491343,,,False,1.0,paper-run-baselines-scaling-su2_haar-n8-s2
iris01,su2_haar,SGD,2,6,1.2792023047149277,0.8227808495400815,0.8227808495400815,0.0822780849540081,0,,,0.8227808495400815,,,False,1.0,paper-run-baselines-scaling-su2_haar-n8-s2
iris01,su2_haar,SGD,2,7,0.8236777887836345,0.4801143794102791,0.4801143794102791,0.0480114379410279,0,,,0.4801143794102791,,,False,1.0,paper-run-baselines-scaling-su2_haar-n8-s2
iris01,su2_haar,SGD,2,8,0.5690872401416709,0.7059302663492306,0.7059302663492306,0.070593026634923,0,,,0.7059302663492306,,,False,1.0,paper-run-baselines-scaling-su2_haar-n8-s2
iris01,su2_haar,SGD,2,9,0.982666130611694,0.7663888716494216,0.7663888716494216,0.0766388871649421,0,,,0.7663888716494216,,,False,1.0,paper-run-baselines-scaling-su2_haar-n8-s2
iris01,su2_haar,SGD,2,10,1.41632036502131,0.9570733857667834,0.9570733857667834,0.0957073385766783,0,,,0.9570733857667834,,,False,1.0,paper-run-baselines-scaling-su2_haar-n8-s2
iris01,su2_haar,SGD,2,11,0.7361918390249745,0.7115273029789753,0.7115273029789753,0.0711527302978975,0,,,0.7115273029789753,,,False,1.0,paper-run-baselines-scaling-su2_haar-n8-s2
iris01,su2_haar,SGD,2,12,0.9708637286920854,0.7787443625671683,0.7787443625671683,0.0778744362567168,0,,,0.7787443625671683,,,False,1.0,paper-run-baselines-scaling-su2_haar-n8-s2
iris01,su2_haar,SGD,2,13,0.6888379527652044,0.815486318347007,0.815486318347007,0.0815486318347007,0,,,0.815486318347007,,,False,1.0,paper-run-baselines-scaling-su2_haar-n8-s2
iris01,su2_haar,SGD,2,14,0.597711825307429,0.4259065825152521,0.4259065825152521,0.0425906582515252,0,,,0.4259065825152521,,,False,1.0,paper-run-baselines-scaling-su2_haar-n8-s2
iris01,su2_haar,SGD,2,15,0.8462139079560137,0.8489092800305228,0.8489092800305228,0.0848909280030522,0,,,0.8489092800305228,,,False,1.0,paper-run-baselines-scaling-su2_haar-n8-s2
iris01,su2_haar,SGD,2,16,0.7487831061962446,0.5544839179672243,0.5544839179672243,0.0554483917967224,0,,,0.5544839179672243,,,False,1.0,paper-run-baselines-scaling-su2_haar-n8-s2
iris01,su2_haar,SGD,2,17,0.846490730124473,0.7519947283493236,0.7519947283493236,0.0751994728349323,0,,,0.7519947283493236,,,False,1.0,paper-run-baselines-scaling-su2_haar-n8-s2
iris01,su2_haar,SGD,2,18,0.6467599939246261,0.5245291722533736,0.5245291722533736,0.0524529172253373,0,,,0.5245291722533736,,,False,1.0,paper-run-baselines-scaling-su2_haar-n8-s2
iris01,su2_haar,SGD,2,19,1.16873152773758,1.1055016792264187,1.1055016792264187,0.1105501679226418,0,,,1.1055016792264187,,,False,1.0,paper-run-baselines-scaling-su2_haar-n8-s2
iris01,su2_haar,SGD,2,20,0.8869093969749612,0.8520644786557682,0.8520644786557682,0.0852064478655768,0,,,0.8520644786557682,,,False,1.0,paper-run-baselines-scaling-su2_haar-n8-s2
iris01,su2_haar,Adam,2,1,0.9311618181852742,0.7859915482676131,5.1961514545810505,0.311769087274863,0,,,5.1961514545810505,,,False,1.0,paper-run-baselines-scaling-su2_haar-n8-s2
iris01,su2_haar,Adam,2,2,1.307258458135263,1.0334534911910025,4.448534540203239,0.2669120724121943,0,,,4.448534540203239,,,False,1.0,paper-run-baselines-scaling-su2_haar-n8-s2
iris01,su2_haar,Adam,2,3,0.8489564693638381,0.6308857846676138,4.025915909582774,0.2415549545749664,0,,,4.025915909582774,,,False,1.0,paper-run-baselines-scaling-su2_haar-n8-s2
iris01,su2_haar,Adam,2,4,0.5124472727224991,0.8136757294330244,3.841077895597248,0.2304646737358348,0,,,3.841077895597248,,,False,1.0,paper-run-baselines-scaling-su2_haar-n8-s2
iris01,su2_haar,Adam,2,5,0.4309368131747711,0.736217264161715,3.376382238616537,0.2025829343169922,0,,,3.376382238616537,,,False,1.0,paper-run-baselines-scaling-su2_haar-n8-s2
iris01,su2_haar,Adam,2,6,0.9433214379184696,0.8800859470479137,3.0446554792599265,0.1826793287555956,0,,,3.0446554792599265,,,False,1.0,paper-run-baselines-scaling-su2_haar-n8-s2
iris01,su2_haar,Adam,2,7,0.5884332075441914,0.6806778113718168,3.0014972049200352,0.1800898322952021,0,,,3.0014972049200352,,,False,1.0,paper-run-baselines-scaling-su2_haar-n8-s2
iris01,su2_haar,Adam,2,8,0.3330727481134498,0.5575580359167916,2.9478456638844968,0.1768707398330698,0,,,2.9478456638844968,,,False,1.0,paper-run-baselines-scaling-su2_haar-n8-s2
iris01,su2_haar,Adam,2,9,0.6485341827096963,0.8189921088429741,3.098200991886316,0.1858920595131789,0,,,3.098200991886316,,,False,1.0,paper-run-baselines-scaling-su2_haar-n8-s2
iris01,su2_haar,Adam,2,10,0.8197080180880956,1.067685769205512,3.2342306800713887,0.1940538408042833,0,,,3.2342306800713887,,,False,1.0,paper-run-baselines-scaling-su2_haar-n8-s2
iris01,su2_haar,Adam,2,11,0.4687134467133001,0.6858443918854884,3.0486903237175484,0.1829214194230529,0,,,3.0486903237175484,,,False,1.0,paper-run-baselines-scaling-su2_haar-n8-s2
iris01,su2_haar,Adam,2,12,0.5821722912708418,0.7089063431414874,2.8890232151556465,0.1733413929093387,0,,,2.8890232151556465,,,False,1.0,paper-run-baselines-scaling-su2_haar-n8-s2
iris01,su2_haar,Adam,2,13,0.3690166307642668,0.5327113907621748,2.6377379515977206,0.1582642770958632,0,,,2.6377379515977206,,,False,1.0,paper-run-baselines-scaling-su2_haar-n8-s2
iris01,su2_haar,Adam,2,14,0.2985175530676529,0.2927492840077818,2.465319013405546,0.1479191408043327,0,,,2.465319013405546,,,False,1.0,paper-run-baselines-scaling-su2_haar-n8-s2
iris01,su2_haar,Adam,2,15,0.4578582699987925,0.6315757079614658,2.3915276132215517,0.143491656793293,0,,,2.3915276132215517,,,False,1.0,paper-run-baselines-scaling-su2_haar-n8-s2
iris01,su2_haar,Adam,2,16,0.3315932599386959,0.531436368989902,2.311899426207284,0.138713965572437,0,,,2.311899426207284,,,False,1.0,paper-run-baselines-scaling-su2_haar-n8-s2
iris01,su2_haar,Adam,2,17,0.3513257308582797,0.6283504084078708,2.2641629878927434,0.1358497792735646,0,,,2.2641629878927434,,,False,1.0,paper-run-baselines-scaling-su2_haar-n8-s2
iris01,su2_haar,Adam,2,18,0.2394800467005163,0.7167628571714553,2.1270582725228184,0.1276234963513691,0,,,2.1270582725228184,,,False,1.0,paper-run-baselines-scaling-su2_haar-n8-s2
iris01,su2_haar,Adam,2,19,0.209793629831674,0.6145045807872723,2.165472549423449,0.1299283529654069,0,,,2.165472549423449,,,False,1.0,paper-run-baselines-scaling-su2_haar-n8-s2
iris01,su2_haar,Adam,2,20,0.3617971252741167,0.6177194827456751,2.170079605556245,0.1302047763333746,0,,,2.170079605556245,,,False,1.0,paper-run-baselines-scaling-su2_haar-n8-s2
iris01,su2_haar,SGD,3,1,1.6260255447184386,1.3971074252122788,1.3971074252122788,0.1397107425212279,0,,,1.3971074252122788,,,False,1.0,paper-run-baselines-scaling-su2_haar-n8-s3
iris01,su2_haar,SGD,3,2,1.4574119141449542,1.6285885113970746,1.6285885113970746,0.1628588511397074,0,,,1.6285885113970746,,,False,1.0,paper-run-baselines-scaling-su2_haar-n8-s3
iris01,su2_haar,SGD,3,3,0.7555249538305591,1.2598035762170872,1.2598035762170872,0.1259803576217087,0,,,1.2598035762170872,,,False,1.0,paper-run-baselines-scaling-su2_haar-n8-s3
iris01,su2_haar,SGD,3,4,0.844461189174529,0.9576014401823688,0.9576014401823688,0.0957601440182368,0,,,0.9576014401823688,,,False,1.0,paper-run-baselines-scaling-su2_haar-n8-s3
iris01,su2_haar,SGD,3,5,0.9558610977913182,1.1518055874956403,1.1518055874956403,0.115180558749564,0,,,1.1518055874956403,,,False,1.0,paper-run-baselines-scaling-su2_haar-n8-s3
iris01,su2_haar,SGD,3,6,0.5584935660223045,0.8950765227342246,0.8950765227342246,0.0895076522734224,0,,,0.8950765227342246,,,False,1.0,paper-run-baselines-scaling-su2_haar-n8-s3
iris01,su2_haar,SGD,3,7,0.7582359973195485,0.7847663145659364,0.7847663145659364,0.0784766314565936,0,,,0.7847663145659364,,,False,1.0,paper-run-baselines-scaling-su2_haar-n8-s3
iris01,su2_haar,SGD,3,8,0.7024052426785026,0.7540107419425948,0.7540107419425948,0.0754010741942594,0,,,0.7540107419425948,,,False,1.0,paper-run-baselines-scaling-su2_haar-n8-s3
iris01,su2_haar,SGD,3,9,0.4994986976486787,0.7119703363551996,0.7119703363551996,0.0711970336355199,0,,,0.7119703363551996,,,False,1.0,paper-run-baselines-scaling-su2_haar-n8-s3
iris01,su2_haar,SGD,3,10,0.5473151395274043,0.8020653515115761,0.8020653515115761,0.0802065351511576,0,,,0.8020653515115761,,,False,1.0,paper-run-baselines-scaling-su2_haar-n8-s3
iris01,su2_haar,SGD,3,11,0.544266105788902,0.6898959213441409,0.6898959213441409,0.0689895921344141,0,,,0.6898959213441409,,,False,1.0,paper-run-baselines-scaling-su2_haar-n8-s3
iris01,su2_haar,SGD,3,12,0.2731554936438287,0.4008315393326371,0.4008315393326371,0.0400831539332637,0,,,0.4008315393326371,,,False,1.0,paper-run-baselines-scaling-su2_haar-n8-s3
iris01,su2_haar,SGD,3,13,0.4262382267280033,0.6252850313682353,0.6252850313682353,0.0625285031368235,0,,,0.6252850313682353,,,False,1.0,paper-run-baselines-scaling-su2_haar-n8-s3
iris01,su2_haar,SGD,3,14,0.5028682505236447,0.6831512436534188,0.6831512436534188,0.0683151243653418,0,,,0.6831512436534188,,,False,1.0,paper-run-baselines-scaling-su2_haar-n8-s3
iris01,su2_haar,SGD,3,15,0.3566454151021409,0.363737571691371,0.363737571691371,0.0363737571691371,0,,,0.363737571691371,,,False,1.0,paper-run-baselines-scaling-su2_haar-n8-s3
iris01,su2_haar,SGD,3,16,0.3060486398614009,0.5619537954489339,0.5619537954489339,0.0561953795448933,0,,,0.5619537954489339,,,False,1.0,paper-run-baselines-scaling-su2_haar-n8-s3
iris01,su2_haar,SGD,3,17,0.4346365523552841,0.383629262524482,0.383629262524482,0.0383629262524482,0,,,0.383629262524482,,,False,1.0,paper-run-baselines-scaling-su2_haar-n8-s3
iris01,su2_haar,SGD,3,18,0.4345263652791526,0.4447250791832253,0.4447250791832253,0.0444725079183225,0,,,0.4447250791832253,,,False,1.0,paper-run-baselines-scaling-su2_haar-n8-s3
iris01,su2_haar,SGD,3,19,0.5685285672541334,0.5737531858142161,0.5737531858142161,0.0573753185814216,0,,,0.5737531858142161,,,False,1.0,paper-run-baselines-scaling-su2_haar-n8-s3
iris01,su2_haar,SGD,3,20,0.3246427984681111,0.4047792989926818,0.4047792989926818,0.0404779298992681,0,,,0.4047792989926818,,,False,1.0,paper-run-baselines-scaling-su2_haar-n8-s3
iris01,su2_haar,Adam,3,1,1.6260255447184386,1.3971074252122788,5.196151455434594,0.3117690873260756,0,,,5.196151455434594,,,False,1.0,paper-run-baselines-scaling-su2_haar-n8-s3
iris01,su2_haar,Adam,3,2,1.3452292043398089,1.5798505182091682,4.647639858189501,0.27885839149137,0,,,4.647639858189501,,,False,1.0,paper-run-baselines-scaling-su2_haar-n8-s3
iris01,su2_haar,Adam,3,3,0.93206138559951,1.4933548571148676,3.624152461293067,0.217449147677584,0,,,3.624152461293067,,,False,1.0,paper-run-baselines-scaling-su2_haar-n8-s3
iris01,su2_haar,Adam,3,4,0.7135228095532573,0.8239743748376281,3.4287637162120874,0.2057258229727252,0,,,3.4287637162120874,,,False,1.0,paper-run-baselines-scaling-su2_haar-n8-s3
iris01,su2_haar,Adam,3,5,0.8236362537802981,0.9833926766023092,3.278186964575497,0.1966912178745298,0,,,3.278186964575497,,,False,1.0,paper-run-baselines-scaling-su2_haar-n8-s3
iris01,su2_haar,Adam,3,6,0.4782664243426368,0.8163350111964592,3.211979677338083,0.1927187806402849,0,,,3.211979677338083,,,False,1.0,paper-run-baselines-scaling-su2_haar-n8-s3
iris01,su2_haar,Adam,3,7,0.5780602159577206,0.5900347772504703,3.0576632544362643,0.1834597952661758,0,,,3.0576632544362643,,,False,1.0,paper-run-baselines-scaling-su2_haar-n8-s3
iris01,su2_haar,Adam,3,8,0.5186506598303904,0.4693403096859226,2.820053074210884,0.169203184452653,0,,,2.820053074210884,,,False,1.0,paper-run-baselines-scaling-su2_haar-n8-s3
iris01,su2_haar,Adam,3,9,0.3222332623568115,0.3690327048501883,2.649814576207575,0.1589888745724545,0,,,2.649814576207575,,,False,1.0,paper-run-baselines-scaling-su2_haar-n8-s3
iris01,su2_haar,Adam,3,10,0.3143777745093872,0.4242101025949025,2.570589927514528,0.1542353956508716,0,,,2.570589927514528,,,False,1.0,paper-run-baselines-scaling-su2_haar-n8-s3
iris01,su2_haar,Adam,3,11,0.4260055269151199,0.5058251686351599,2.4379649370209355,0.1462778962212561,0,,,2.4379649370209355,,,False,1.0,paper-run-baselines-scaling-su2_haar-n8-s3
iris01,su2_haar,Adam,3,12,0.2802179476848252,0.4361399702087574,2.0516532822758227,0.1230991969365493,0,,,2.0516532822758227,,,False,1.0,paper-run-baselines-scaling-su2_haar-n8-s3
iris01,su2_haar,Adam,3,13,0.2584780549207106,0.319740311561468,1.9422827489637216,0.1165369649378232,0,,,1.9422827489637216,,,False,1.0,paper-run-baselines-scaling-su2_haar-n8-s3
iris01,su2_haar,Adam,3,14,0.3002338625699384,0.2968911533398939,1.7083525745044068,0.1025011544702644,0,,,1.7083525745044068,,,False,1.0,paper-run-baselines-scaling-su2_haar-n8-s3
iris01,su2_haar,Adam,3,15,0.3259452747233705,0.5342291347403898,1.515712620795051,0.090942757247703,0,,,1.515712620795051,,,False,1.0,paper-run-baselines-scaling-su2_haar-n8-s3
iris01,su2_haar,Adam,3,16,0.2378964930060407,0.4455992639420647,1.3814291560232854,0.0828857493613971,0,,,1.3814291560232854,,,False,1.0,paper-run-baselines-scaling-su2_haar-n8-s3
iris01,su2_haar,Adam,3,17,0.3726018489747416,0.3570234892309961,1.2817102743627098,0.0769026164617625,0,,,1.2817102743627098,,,False,1.0,paper-run-baselines-scaling-su2_haar-n8-s3
iris01,su2_haar,Adam,3,18,0.4011484233855632,0.6637055383432939,1.270316210324926,0.0762189726194955,0,,,1.270316210324926,,,False,1.0,paper-run-baselines-scaling-su2_haar-n8-s3
iris01,su2_haar,Adam,3,19,0.7060690432100702,0.790031221324094,1.384534479450629,0.0830720687670377,0,,,1.384534479450629,,,False,1.0,paper-run-baselines-scaling-su2_haar-n8-s3
iris01,su2_haar,Adam,3,20,0.4504041350657722,0.6671375157635933,1.6035498772220993,0.0962129926333259,0,,,1.6035498772220993,,,False,1.0,paper-run-baselines-scaling-su2_haar-n8-s3
iris01,su2_haar,SGD,4,1,1.30197893594535,1.7458888562455386,1.7458888562455386,0.1745888856245538,0,,,1.7458888562455386,,,False,1.0,paper-run-baselines-scaling-su2_haar-n8-s4
iris01,su2_haar,SGD,4,2,0.9630438273529128,1.1988365573337056,1.1988365573337056,0.1198836557333705,0,,,1.1988365573337056,,,False,1.0,paper-run-baselines-scaling-su2_haar-n8-s4
iris01,su2_haar,SGD,4,3,1.3414627851259078,1.6833124670346329,1.6833124670346329,0.1683312467034632,0,,,1.6833124670346329,,,False,1.0,paper-run-baselines-scaling-su2_haar-n8-s4
iris01,su2_haar,SGD,4,4,1.2659898196428312,1.7077665401457216,1.7077665401457216,0.1707766540145721,0,,,1.7077665401457216,,,False,1.0,paper-run-baselines-scaling-su2_haar-n8-s4
iris01,su2_haar,SGD,4,5,0.7886985291086274,0.9910435809511966,0.9910435809511966,0.0991043580951196,0,,,0.9910435809511966,,,False,1.0,paper-run-baselines-scaling-su2_haar-n8-s4
iris01,su2_haar,SGD,4,6,0.7019789375771215,1.0799725266184657,1.0799725266184657,0.1079972526618465,0,,,1.0799725266184657,,,False,1.0,paper-run-baselines-scaling-su2_haar-n8-s4
iris01,su2_haar,SGD,4,7,0.6007650932658442,0.7495537500855622,0.7495537500855622,0.0749553750085562,0,,,0.7495537500855622,,,False,1.0,paper-run-baselines-scaling-su2_haar-n8-s4
iris01,su2_haar,SGD,4,8,0.5663812680281701,0.9479277286975626,0.9479277286975626,0.0947927728697562,0,,,0.9479277286975626,,,False,1.0,paper-run-baselines-scaling-su2_haar-n8-s4
iris01,su2_haar,SGD,4,9,0.5457628932519363,0.8243318218232799,0.8243318218232799,0.082433182182328,0,,,0.8243318218232799,,,False,1.0,paper-run-baselines-scaling-su2_haar-n8-s4
iris01,su2_haar,SGD,4,10,0.6890567057800355,1.1819855426664414,1.1819855426664414,0.1181985542666441,0,,,1.1819855426664414,,,False,1.0,paper-run-baselines-scaling-su2_haar-n8-s4
iris01,su2_haar,SGD,4,11,0.5989275451009943,1.212111998767064,1.212111998767064,0.1212111998767064,0,,,1.212111998767064,,,False,1.0,paper-run-baselines-scaling-su2_haar-n8-s4
iris01,su2_haar,SGD,4,12,0.5877262682428248,0.7342701439181627,0.7342701439181627,0.0734270143918162,0,,,0.7342701439181627,,,False,1.0,paper-run-baselines-scaling-su2_haar-n8-s4
iris01,su2_haar,SGD,4,13,0.3872447837335818,0.633627886647019,0.633627886647019,0.0633627886647019,0,,,0.633627886647019,,,False,1.0,paper-run-baselines-scaling-su2_haar-n8-s4
iris01,su2_haar,SGD,4,14,0.557461586447977,0.8666053423018963,0.8666053423018963,0.0866605342301896,0,,,0.8666053423018963,,,False,1.0,paper-run-baselines-scaling-su2_haar-n8-s4
iris01,su2_haar,SGD,4,15,0.4322945545771932,0.6058001567888883,0.6058001567888883,0.0605800156788888,0,,,0.6058001567888883,,,False,1.0,paper-run-baselines-scaling-su2_haar-n8-s4
iris01,su2_haar,SGD,4,16,0.3799639800956463,0.6423360691587531,0.6423360691587531,0.0642336069158753,0,,,0.6423360691587531,,,False,1.0,paper-run-baselines-scaling-su2_haar-n8-s4
iris01,su2_haar,SGD,4,17,0.3852403366549416,0.5634974880093147,0.5634974880093147,0.0563497488009314,0,,,0.5634974880093147,,,False,1.0,paper-run-baselines-scaling-su2_haar-n8-s4
iris01,su2_haar,SGD,4,18,0.3370777975529812,0.5569840756813509,0.5569840756813509,0.055698407568135,0,,,0.5569840756813509,,,False,1.0,paper-run-baselines-scaling-su2_haar-n8-s4
iris01,su2_haar,SGD,4,19,0.2090656155094104,0.3615957574412422,0.3615957574412422,0.0361595757441242,0,,,0.3615957574412422,,,False,1.0,paper-run-baselines-scaling-su2_haar-n8-s4
iris01,su2_haar,SGD,4,20,0.3312965252577417,0.7072838620452685,0.7072838620452685,0.0707283862045268,0,,,0.7072838620452685,,,False,1.0,paper-run-baselines-scaling-su2_haar-n8-s4
iris01,su2_haar,Adam,4,1,1.30197893594535,1.7458888562455386,5.196151878513667,0.31176911271082,0,,,5.196151878513667,,,False,1.0,paper-run-baselines-scaling-su2_haar-n8-s4
iris01,su2_haar,Adam,4,2,0.8582253452753139,1.124448318026726,4.48869133186627,0.2693214799119762,0,,,4.48869133186627,,,False,1.0,paper-run-baselines-scaling-su2_haar-n8-s4
iris01,su2_haar,Adam,4,3,1.3194900315948632,1.641898584222457,3.879742923663698,0.2327845754198219,0,,,3.879742923663698,,,False,1.0,paper-run-baselines-scaling-su2_haar-n8-s4
iris01,su2_haar,Adam,4,4,1.1879982947518368,1.636723341576931,3.896438024232899,0.2337862814539739,0,,,3.896438024232899,,,False,1.0,paper-run-baselines-scaling-su2_haar-n8-s4
iris01,su2_haar,Adam,4,5,0.6503620607008166,0.7857995949948315,3.6419659844881,0.218517959069286,0,,,3.6419659844881,,,False,1.0,paper-run-baselines-scaling-su2_haar-n8-s4
iris01,su2_haar,Adam,4,6,0.4176857369189314,0.6336361920244994,3.4331278944461627,0.2059876736667697,0,,,3.4331278944461627,,,False,1.0,paper-run-baselines-scaling-su2_haar-n8-s4
iris01,su2_haar,Adam,4,7,0.3016271531239557,0.3851668274551609,3.156730953899197,0.1894038572339517,0,,,3.156730953899197,,,False,1.0,paper-run-baselines-scaling-su2_haar-n8-s4
iris01,su2_haar,Adam,4,8,0.2920548337367714,0.4279729820817773,2.8708056701145366,0.1722483402068721,0,,,2.8708056701145366,,,False,1.0,paper-run-baselines-scaling-su2_haar-n8-s4
iris01,su2_haar,Adam,4,9,0.2933564660881851,0.4681768633250263,2.6491353413461693,0.1589481204807701,0,,,2.6491353413461693,,,False,1.0,paper-run-baselines-scaling-su2_haar-n8-s4
iris01,su2_haar,Adam,4,10,0.2989993364796418,0.5604986425246127,2.470822013282934,0.148249320796976,0,,,2.470822013282934,,,False,1.0,paper-run-baselines-scaling-su2_haar-n8-s4
iris01,su2_haar,Adam,4,11,0.2329724792850817,0.3281417187624619,2.3616913891540974,0.1417014833492458,0,,,2.3616913891540974,,,False,1.0,paper-run-baselines-scaling-su2_haar-n8-s4
iris01,su2_haar,Adam,4,12,0.4147348511213983,0.4992606041791952,2.063961122415516,0.1238376673449309,0,,,2.063961122415516,,,False,1.0,paper-run-baselines-scaling-su2_haar-n8-s4
iris01,su2_haar,Adam,4,13,0.2364591774537274,0.3024015775155922,1.765254699593611,0.1059152819756166,0,,,1.765254699593611,,,False,1.0,paper-run-baselines-scaling-su2_haar-n8-s4
iris01,su2_haar,Adam,4,14,0.3362870447981496,0.3436575227525719,1.617317923378886,0.0970390754027331,0,,,1.617317923378886,,,False,1.0,paper-run-baselines-scaling-su2_haar-n8-s4
iris01,su2_haar,Adam,4,15,0.3856576958372348,0.7016020264044548,1.4729109976589834,0.088374659859539,0,,,1.4729109976589834,,,False,1.0,paper-run-baselines-scaling-su2_haar-n8-s4
iris01,su2_haar,Adam,4,16,0.2184764339854134,0.3167231770273452,1.3053820042185795,0.0783229202531147,0,,,1.3053820042185795,,,False,1.0,paper-run-baselines-scaling-su2_haar-n8-s4
iris01,su2_haar,Adam,4,17,0.2800047036250523,0.3957107773633366,1.2034844769336064,0.0722090686160163,0,,,1.2034844769336064,,,False,1.0,paper-run-baselines-scaling-su2_haar-n8-s4
iris01,su2_haar,Adam,4,18,0.4746063607722652,0.7076617315736865,0.9409361165238808,0.0564561669914328,0,,,0.9409361165238808,,,False,1.0,paper-run-baselines-scaling-su2_haar-n8-s4
iris01,su2_haar,Adam,4,19,0.3149810095642846,0.5292109131265682,0.8526415372358673,0.051158492234152,0,,,0.8526415372358673,,,False,1.0,paper-run-baselines-scaling-su2_haar-n8-s4
iris01,su2_haar,Adam,4,20,0.4712350588794446,0.743646789436265,1.0840218762248788,0.0650413125734927,0,,,1.0840218762248788,,,False,1.0,paper-run-baselines-scaling-su2_haar-n8-s4
